[
  {
    "_meta": "dialog",
    "id": "Play_ban_h13x",
    "sound": "Play_ban_h13x",
    "priority": 1
  },
  {
    "_meta": "dialog",
    "id": "Play_ban_h14x",
    "sound": "Play_ban_h14x",
    "priority": 1
  },
  {
    "_meta": "dialog",
    "id": "Play_ban_h15x",
    "sound": "Play_ban_h15x",
    "priority": 1
  },
  {
    "_meta": "dialog",
    "id": "Play_ban_h16x",
    "sound": "Play_ban_h16x",
    "priority": 1
  },
  {
    "_meta": "dialog",
    "id": "Play_ban_h17x",
    "sound": "Play_ban_h17x",
    "priority": 1
  },
  {
    "_meta": "dialog",
    "id": "Play_ban_h18x",
    "sound": "Play_ban_h18x",
    "priority": 1
  },
  {
    "_meta": "dialog",
    "id": "Play_ban_h19x",
    "sound": "Play_ban_h19x",
    "priority": 1
  },
  {
    "_meta": "dialog",
    "id": "Play_ban_h20x",
    "sound": "Play_ban_h20x",
    "priority": 1
  },
  {
    "_meta": "dialog",
    "id": "Play_ban_h21x",
    "sound": "Play_ban_h21x",
    "priority": 1
  },
  {
    "_meta": "dialog",
    "id": "Play_ban_h23x",
    "sound": "Play_ban_h23x",
    "priority": 1
  },
  {
    "_meta": "dialog",
    "id": "Play_ban_h24x",
    "sound": "Play_ban_h24x",
    "priority": 1
  },
  {
    "_meta": "dialog",
    "id": "Play_ban_h40a",
    "sound": "Play_ban_h40a",
    "priority": 1
  },
  {
    "_meta": "dialog",
    "id": "Play_ban_h40b",
    "sound": "Play_ban_h40b",
    "priority": 1
  },
  {
    "_meta": "dialog",
    "id": "Play_ban_h40c",
    "sound": "Play_ban_h40c",
    "priority": 1
  },
  {
    "_meta": "dialog",
    "id": "Play_ban_h40d",
    "sound": "Play_ban_h40d",
    "priority": 1
  },
  {
    "_meta": "dialog",
    "id": "Play_ban_h42a",
    "sound": "Play_ban_h42a",
    "priority": 1
  },
  {
    "_meta": "dialog",
    "id": "Play_ban_h42b",
    "sound": "Play_ban_h42b",
    "priority": 1
  },
  {
    "_meta": "dialog",
    "id": "Play_ban_h42c",
    "sound": "Play_ban_h42c",
    "priority": 1
  },
  {
    "_meta": "dialog",
    "id": "Play_ban_h42d",
    "sound": "Play_ban_h42d",
    "priority": 1
  },
  {
    "_meta": "dialog",
    "id": "Play_ban_radio_missed",
    "sound": "Play_pln_radio_missed",
    "priority": 1
  },
  {
    "_meta": "dialog",
    "id": "Play_ban_gen_alm_02",
    "sound": "play_pln_gen_alm_02",
    "priority": 1
  },
  {
    "_meta": "dialog",
    "id": "Play_ban_radio_break",
    "sound": "Play_pln_radio_break",
    "priority": 1
  },
  {
    "_meta": "dialog",
    "id": "Play_ban_radio_failed",
    "sound": "Play_pln_radio_failed",
    "priority": 1
  },
  {
    "_meta": "dialog",
    "id": "Play_ban_radio_success",
    "sound": "Play_pln_radio_success",
    "priority": 1
  },
  {
    "_meta": "dialog",
    "id": "Play_ban_pager_h",
    "sound": "Play_pln_pager_h",
    "priority": 1
  },
  {
    "_meta": "dialog",
    "id": "Play_ban_pager_a",
    "sound": "Play_pln_pager_a",
    "priority": 1
  },
  {
    "_meta": "dialog",
    "id": "Play_ban_pager_b",
    "sound": "Play_pln_pager_b",
    "priority": 1
  },
  {
    "_meta": "dialog",
    "id": "Play_ban_pager_d",
    "sound": "Play_pln_pager_d",
    "priority": 1
  },
  {
    "_meta": "dialog",
    "id": "Play_ban_pager_e",
    "sound": "Play_pln_pager_e",
    "priority": 1
  },
  {
    "_meta": "dialog",
    "id": "Play_ban_pager_f",
    "sound": "Play_pln_pager_f",
    "priority": 1
  },
  {
    "_meta": "dialog",
    "id": "Play_ban_pager_g",
    "sound": "Play_pln_pager_g",
    "priority": 1
  },
  {
    "_meta": "dialog",
    "id": "Play_ban_pager_h",
    "sound": "Play_pln_pager_h",
    "priority": 1
  },
  {
    "_meta": "dialog",
    "id": "Play_ban_drl_alm_snd",
    "sound": "Play_pln_drl_alm_snd",
    "priority": 1
  },
  {
    "_meta": "dialog",
    "id": "Play_ban_pat_05",
    "sound": "Play_pln_pat_05",
    "priority": 1
  },
  {
    "_meta": "dialog",
    "id": "Play_loc_h02a",
    "sound": "Play_loc_h02",
    "priority": 1
  },
  {
    "_meta": "dialog",
    "id": "Play_loc_h02b",
    "sound": "Play_loc_h02",
    "priority": 1
  },
  {
    "_meta": "dialog",
    "id": "Play_loc_h02c",
    "sound": "Play_loc_h02",
    "priority": 1
  },
  {
    "_meta": "dialog",
    "id": "Play_loc_h02d",
    "sound": "Play_loc_h02",
    "priority": 1
  }
]