[
  {
    "_meta": "dialog",
    "id": "Play_ban_radio_missed",
    "sound": "Play_pln_radio_missed",
    "priority": 2
  },
  {
    "_meta": "dialog",
    "id": "Play_ban_gen_alm_02",
    "sound": "play_pln_gen_alm_02",
    "priority": 2
  },
  {
    "_meta": "dialog",
    "id": "Play_ban_radio_break",
    "sound": "Play_pln_radio_break",
    "priority": 2
  },
  {
    "_meta": "dialog",
    "id": "Play_ban_radio_failed",
    "sound": "Play_pln_radio_failed",
    "priority": 2
  },
  {
    "_meta": "dialog",
    "id": "Play_ban_radio_success",
    "sound": "Play_pln_radio_success",
    "priority": 2
  },
  {
    "_meta": "dialog",
    "id": "Play_ban_pager_h",
    "sound": "Play_pln_pager_h",
    "priority": 2
  },
  {
    "_meta": "dialog",
    "id": "Play_ban_pager_a",
    "sound": "Play_pln_pager_a",
    "priority": 2
  },
  {
    "_meta": "dialog",
    "id": "Play_ban_pager_b",
    "sound": "Play_pln_pager_b",
    "priority": 2
  },
  {
    "_meta": "dialog",
    "id": "Play_ban_pager_d",
    "sound": "Play_pln_pager_d",
    "priority": 2
  },
  {
    "_meta": "dialog",
    "id": "Play_ban_pager_e",
    "sound": "Play_pln_pager_e",
    "priority": 2
  },
  {
    "_meta": "dialog",
    "id": "Play_ban_pager_f",
    "sound": "Play_pln_pager_f",
    "priority": 2
  },
  {
    "_meta": "dialog",
    "id": "Play_ban_pager_g",
    "sound": "Play_pln_pager_g",
    "priority": 2
  },
  {
    "_meta": "dialog",
    "id": "Play_ban_pager_h",
    "sound": "Play_pln_pager_h",
    "priority": 2
  },
  {
    "_meta": "dialog",
    "id": "Play_ban_drl_alm_snd",
    "sound": "Play_ban_drl_alm_snd",
    "priority": 2
  },
  {
    "_meta": "dialog",
    "id": "Play_ban_pat_05",
    "sound": "Play_ban_pat_05",
    "priority": 2
  }
]