{
  "default": {
    "elements": {
      "103654": {
        "_class": "DeadLockeMissionScriptElement",
        "_editor_name": "gangster_chechpoint_1",
        "_values": {
          "enabled": true,
          "on_executed": [
            {
              "id": "dlk_1",
              "delay": 0
            }
          ]
        }
      },
      "103680": {
        "_class": "DeadLockeMissionScriptElement",
        "_editor_name": "weapons_hot",
        "_values": {
          "enabled": true,
          "on_executed": [
            {
              "id": "dlk_2",
              "delay": 0
            },
            {
              "id": "dlk_3",
              "delay": 30
            },
            {
              "id": "dlk_4",
              "delay": 0
            }
          ]
        }
      },
      "dlk_1": {
        "_class": "ElementTeammateComment",
        "_editor_name": "say_hi_to_gangster",
        "_values": {
          "enabled": true,
          "comment": "v56",
          "allow_first_person": true,
          "pos_based": true,
          "radius": 0,
          "use_instigator": false,
          "position": "Vector3(2350,1850,-550)",
          "on_executed": []
        }
      },
      "dlk_2": {
        "_class": "ElementFakeAssaultState",
        "_editor_name": "fakeassault_gangster_shoot_out_on",
        "_values": {
          "enabled": true,
          "track_list": [
            "track_pth_06"
          ],
          "state": true,
          "on_executed": []
        }
      },
      "dlk_3": {
        "_class": "ElementFakeAssaultState",
        "_editor_name": "fakeassault_gangster_shoot_out_off",
        "_values": {
          "enabled": true,
          "must_be_played": true,
          "state": false,
          "on_executed": []
        }
      },
      "dlk_4": {
        "_class": "ElementSetupOnWeaponsHot",
        "_editor_name": "set_up_on_weapons_hot",
        "_values": {
          "enabled": true,
          "sound_device_enable": true,
          "track_list": [
            "track_pth_06"
          ],
          "music_stage": "fake_assault",
          "on_executed": []
        }
      }
    }
  }
}