{
  "default": {
    "activate_on_parsed": false,
    "elements": [
      {
        "_class": "MissionScriptElement",
        "_editor_name": "gangster_chechpoint_1",
        "_values": {
          "enabled": true,
          "on_executed": [
            {
              "id": 3242453,
              "delay": 0
            }
          ]
        },
        "id": 103654
      },
      {
        "_class": "MissionScriptElement",
        "_editor_name": "weapons_hot",
        "_values": {
          "enabled": true,
          "on_executed": [
            {
              "id": 3242454,
              "delay": 0
            },
            {
              "id": 3242455,
              "delay": 30
            },
            {
              "id": 3242456,
              "delay": 0
            }
          ]
        },
        "id": 103680
      },
      {
        "_class": "ElementTeammateComment",
        "_editor_name": "say_hi_to_gangster",
        "_values": {
          "enabled": true,
          "use_instigator": false,
          "on_executed": [],
          "comment": "v56",
          "allow_first_person": true,
          "pos_based": true,
          "radius": 0,
          "position": "Vector3(2350,1850,-550)"
        },
        "id": 3242453
      },
      {
        "_class": "ElementFakeAssaultState",
        "_editor_name": "fakeassault_gangster_shoot_out_on",
        "_values": {
          "enabled": true,
          "on_executed": [],
          "track_list": [
            "track_pth_06"
          ],
          "state": true
        },
        "id": 3242454
      },
      {
        "_class": "ElementFakeAssaultState",
        "_editor_name": "fakeassault_gangster_shoot_out_off",
        "_values": {
          "enabled": true,
          "on_executed": [],
          "must_be_played": true,
          "state": false
        },
        "id": 3242455
      },
      {
        "_class": "ElementSetupOnWeaponsHot",
        "_editor_name": "set_up_on_weapons_hot",
        "_values": {
          "enabled": true,
          "on_executed": [],
          "sound_device_enable": true,
          "track_list": [
            "track_pth_06"
          ],
          "music_stage": "fake_assault"
        },
        "id": 3242456
      }
    ]
  }
}