{
  "default": {
    "activate_on_parsed": false,
    "elements": [
      {
        "_class": "MissionScriptElement",
        "_editor_name": "alarm",
        "_values": {
          "enabled": true,
          "on_executed": [
            {
              "id": 324530060,
              "delay": 0
            }
          ]
        },
        "id": 100022
      },
      {
        "_class": "ElementFakeAssaultState",
        "_editor_name": "fake_assualt",
        "_values": {
          "enabled": true,
          "on_executed": [],
		  "skip_music_event" : true,
		  "state" : true  
        },
        "id": 324530060
      }
    ]
  }
}