{
  "default": {
    "activate_on_parsed": false,
    "elements": [
      {
        "_class": "MissionScriptElement",
        "_editor_name": "vault_doors_opening2",
        "_values": {
          "enabled": true,
          "on_executed": [
            {
              "id": 3245300,
              "delay": 1
            },
            {
              "id": 3245301,
              "delay": 2.5
            },
            {
              "id": 3245239,
              "delay": 5
            },
            {
              "id": 3245244,
              "delay": 0
            },
            {
              "id": 3245245,
              "delay": 0
            }
          ]
        },
        "id": 100311
      },
      {
        "_class": "MissionScriptElement",
        "_editor_name": "lets_get_drilling",
        "_values": {
          "enabled": true,
          "on_executed": [
            {
              "id": 3245240,
              "delay": 0
            }
          ]
        },
        "id": 101078
      },
      {
        "_class": "MissionScriptElement",
        "_editor_name": "we_got_the_cash_lets_get_out",
        "_values": {
          "enabled": true,
          "on_executed": [
            {
              "id": 3245236,
              "delay": 0
            }
          ]
        },
        "id": 101256
      },
      {
        "_class": "MissionScriptElement",
        "_editor_name": "helicopter_on_roof",
        "_values": {
          "enabled": true,
          "on_executed": [
            {
              "id": 3245241,
              "delay": 15
            },
            {
              "id": 3245242,
              "delay": 18
            }
          ]
        },
        "id": 101424
      },
      {
        "_class": "MissionScriptElement",
        "_editor_name": "alarm_triggered",
        "_values": {
          "enabled": true,
          "on_executed": [
            {
              "id": 3245227,
              "delay": 0
            },
            {
              "id": 313134,
              "delay": 0
            },
            {
              "id": 3245233,
              "delay": 0
            },
            {
              "id": 3245234,
              "delay": 0
            },
            {
              "id": 3245235,
              "delay": 40
            },
            {
              "id": 3245229,
              "delay": 5
            }
          ]
        },
        "id": 102133
      },
      {
        "_class": "MissionScriptElement",
        "_editor_name": "vault_doors_opening1",
        "_values": {
          "enabled": true,
          "on_executed": [
            {
              "id": 3245239,
              "delay": 3.5
            },
            {
              "id": 3245244,
              "delay": 0
            },
            {
              "id": 3245245,
              "delay": 0
            }
          ]
        },
        "id": 102160
      },
      {
        "_class": "MissionScriptElement",
        "_editor_name": "another_gate_crap1",
        "_values": {
          "enabled": true,
          "on_executed": [
            {
              "id": 3245249,
              "delay": 2
            },
            {
              "id": 3245247,
              "delay": 5
            }
          ]
        },
        "id": 102716
      },
      {
        "_class": "MissionScriptElement",
        "_editor_name": "another_gate_crap2",
        "_values": {
          "enabled": true,
          "on_executed": [
            {
              "id": 3245249,
              "delay": 2
            },
            {
              "id": 3245250,
              "delay": 5
            }
          ]
        },
        "id": 102717
      },
      {
        "_class": "MissionScriptElement",
        "_editor_name": "loot_bag_in_van4",
        "_values": {
          "enabled": true,
          "on_executed": [
            {
              "id": 3245213,
              "delay": 0
            }
          ]
        },
        "id": 103287
      },
      {
        "_class": "MissionScriptElement",
        "_editor_name": "loot_bag_in_van3",
        "_values": {
          "enabled": true,
          "on_executed": [
            {
              "id": 3245214,
              "delay": 0
            }
          ]
        },
        "id": 103288
      },
      {
        "_class": "MissionScriptElement",
        "_editor_name": "loot_bag_in_van2",
        "_values": {
          "enabled": true,
          "on_executed": [
            {
              "id": 3245215,
              "delay": 0
            }
          ]
        },
        "id": 103292
      },
      {
        "_class": "MissionScriptElement",
        "_editor_name": "cloakers_coming_from_floors1",
        "_values": {
          "enabled": true,
          "on_executed": [
            {
              "id": 3245219,
              "delay": 0
            }
          ]
        },
        "id": 103779
      },
      {
        "_class": "MissionScriptElement",
        "_editor_name": "theyre_coming_from_vents",
        "_values": {
          "enabled": true,
          "on_executed": [
            {
              "id": 3245232,
              "delay": 0
            }
          ]
        },
        "id": 103799
      },
      {
        "_class": "MissionScriptElement",
        "_editor_name": "theyre_coming_from_vents2",
        "_values": {
          "enabled": true,
          "on_executed": [
            {
              "id": 3245230,
              "delay": 0
            }
          ]
        },
        "id": 103801
      },
      {
        "_class": "MissionScriptElement",
        "_editor_name": "theyre_coming_from_vents3",
        "_values": {
          "enabled": true,
          "on_executed": [
            {
              "id": 3245231,
              "delay": 0
            }
          ]
        },
        "id": 103838
      },
      {
        "_class": "MissionScriptElement",
        "_editor_name": "cloakers_coming_from_floors3",
        "_values": {
          "enabled": true,
          "on_executed": [
            {
              "id": 3245220,
              "delay": 0
            }
          ]
        },
        "id": 103839
      },
      {
        "_class": "MissionScriptElement",
        "_editor_name": "cloakers_coming_from_floors2",
        "_values": {
          "enabled": true,
          "on_executed": [
            {
              "id": 3245221,
              "delay": 0
            }
          ]
        },
        "id": 103894
      },
      {
        "_class": "MissionScriptElement",
        "_editor_name": "cloakers_coming_from_floors4",
        "_values": {
          "enabled": true,
          "on_executed": [
            {
              "id": 3245218,
              "delay": 0
            }
          ]
        },
        "id": 103901
      },
      {
        "_class": "MissionScriptElement",
        "_editor_name": "gold_count_pku_2",
        "_values": {
          "enabled": true,
          "on_executed": [
            {
              "id": 3245222,
              "delay": 0
            }
          ]
        },
        "id": 104639
      },
      {
        "_class": "MissionScriptElement",
        "_editor_name": "turret_swat_van_inbound",
        "_values": {
          "enabled": true,
          "on_executed": [
            {
              "id": 3245238,
              "delay": 3
            },
            {
              "id": 3245237,
              "delay": 5.75
            }
          ]
        },
        "id": 105094
      },
      {
        "_class": "MissionScriptElement",
        "_editor_name": "turret_swat_van_inbound2",
        "_values": {
          "enabled": true,
          "on_executed": [
            {
              "id": 3245238,
              "delay": 3
            },
            {
              "id": 3245237,
              "delay": 5.75
            }
          ]
        },
        "id": 105215
      },
      {
        "_class": "MissionScriptElement",
        "_editor_name": "cops_got_here",
        "_values": {
          "enabled": true,
          "on_executed": [
            {
              "id": 3245248,
              "delay": 0
            },
            {
              "id": 3245234,
              "delay": 0
            },
            {
              "id": 3245235,
              "delay": 2.956
            },
            {
              "id": 3245217,
              "delay": 5
            }
          ]
        },
        "id": 105373
      },
      {
        "_class": "MissionScriptElement",
        "_editor_name": "thermal_lance_placed",
        "_values": {
          "enabled": true,
          "on_executed": [
            {
              "id": 3245228,
              "delay": 180
            }
          ]
        },
        "id": 105378
      },
      {
        "_class": "ElementSetupOnWeaponsHot",
        "_editor_name": "set_up_on_weapons_hot",
        "_values": {
          "enabled": true,
          "sound_device_enable": true,
          "track_list": [
            "track_pth_01"
          ],
          "music_stage": "fake_assault",
          "on_executed": []
        },
        "id": 313134
      },
      {
        "_class": "ElementTeammateComment",
        "_editor_name": "loot_bag_in_van_comment4",
        "_values": {
          "enabled": true,
          "allow_first_person": true,
          "comment": "p27",
          "position": "Vector3(1300, 475, 2000)",
          "pos_based": true,
          "use_default_pos": true,
          "radius": 800,
          "on_executed": []
        },
        "id": 3245213
      },
      {
        "_class": "ElementTeammateComment",
        "_editor_name": "loot_bag_in_van_comment3",
        "_values": {
          "enabled": true,
          "allow_first_person": true,
          "comment": "p27",
          "position": "Vector3(1200, 475, 2000)",
          "pos_based": true,
          "use_default_pos": true,
          "radius": 800,
          "on_executed": []
        },
        "id": 3245214
      },
      {
        "_class": "ElementTeammateComment",
        "_editor_name": "loot_bag_in_van_comment2",
        "_values": {
          "enabled": true,
          "allow_first_person": true,
          "comment": "p27",
          "position": "Vector3(1100, 475, 2000)",
          "pos_based": true,
          "use_default_pos": true,
          "radius": 800,
          "on_executed": []
        },
        "id": 3245215
      },
      {
        "_class": "ElementTeammateComment",
        "_editor_name": "gold_is_loaded_comment",
        "_values": {
          "enabled": false,
          "allow_first_person": true,
          "comment": "slh_37",
          "radius": 0,
          "position": "Vector3( 2769.61, 326.392, -734.593)",
          "pos_based": true,
          "on_executed": []
        },
        "id": 3245216
      },
      {
        "_class": "ElementTeammateComment",
        "_editor_name": "kill_all_the_cops",
        "_values": {
          "enabled": true,
          "allow_first_person": true,
          "comment": "v18",
          "pos_based": false,
          "use_default_pos": false,
          "radius": 0,
          "on_executed": []
        },
        "id": 3245217
      },
      {
        "_class": "ElementTeammateComment",
        "_editor_name": "cloakers_from_floors_comment4",
        "_values": {
          "enabled": true,
          "allow_first_person": true,
          "comment": "p37",
          "pos_based": true,
          "position": "Vector3(-6800, -2600, 0)",
          "use_default_pos": false,
          "radius": 800,
          "on_executed": []
        },
        "id": 3245218
      },
      {
        "_class": "ElementTeammateComment",
        "_editor_name": "cloakers_from_floors_comment1",
        "_values": {
          "enabled": true,
          "allow_first_person": true,
          "comment": "p37",
          "pos_based": true,
          "position": "Vector3(-1900, -1000, 0)",
          "use_default_pos": false,
          "radius": 800,
          "on_executed": []
        },
        "id": 3245219
      },
      {
        "_class": "ElementTeammateComment",
        "_editor_name": "cloakers_from_floors_comment3",
        "_values": {
          "enabled": true,
          "allow_first_person": true,
          "comment": "p37",
          "pos_based": true,
          "position": "Vector3(1700, 3200, 0)",
          "use_default_pos": false,
          "radius": 800,
          "on_executed": []
        },
        "id": 3245220
      },
      {
        "_class": "ElementTeammateComment",
        "_editor_name": "cloakers_from_floors_comment2",
        "_values": {
          "enabled": true,
          "allow_first_person": true,
          "comment": "p37",
          "pos_based": true,
          "position": "Vector3(-1100, 600, 0)",
          "use_default_pos": false,
          "radius": 800,
          "on_executed": []
        },
        "id": 3245221
      },
      {
        "_class": "ElementCounterOperator",
        "_editor_name": "gold_pku_counter_add",
        "_values": {
          "enabled": true,
          "amount": 1,
          "operation": "add",
          "elements": [
            3245224
          ],
          "on_executed": []
        },
        "id": 3245222
      },
      {
        "_class": "ElementCounter",
        "_editor_name": "gold_pku_counter_end",
        "_values": {
          "enabled": true,
          "counter_target": 2,
          "on_executed": []
        },
        "id": 3245223
      },
      {
        "_class": "ElementCounter",
        "_editor_name": "gold_pku_counter_start",
        "_values": {
          "enabled": true,
          "counter_target": 0,
          "on_executed": []
        },
        "id": 3245224
      },
      {
        "_class": "ElementCounterFilter",
        "_editor_name": "gold_pku_counterfilter_ok",
        "_values": {
          "enabled": true,
          "check_type": "counters_equal",
          "elements": [
            3245223,
            3245224
          ],
          "on_executed": [
            {
              "id": 3245243,
              "delay": 0
            }
          ]
        },
        "id": 3245225
      },
      {
        "_class": "ElementToggle",
        "_editor_name": "counter_target_reached_enable_comment",
        "_values": {
          "enabled": true,
          "toggle": "on",
          "elements": [
            3245243
          ],
          "on_executed": []
        },
        "id": 3245226
      },
      {
        "_class": "ElementToggle",
        "_editor_name": "alarm_trigger_enable_elements",
        "_values": {
          "enabled": true,
          "toggle": "on",
          "elements": [
            3245244,
            3245245,
            3245235
          ],
          "on_executed": []
        },
        "id": 3245227
      },
      {
        "_class": "ElementTeammateComment",
        "_editor_name": "point_teammate_comment_few_minutes",
        "_values": {
          "enabled": true,
          "allow_first_person": false,
          "comment": "t01x_sin",
          "pos_based": false,
		  "play_ogg_line" : false,
          "use_default_pos": false,
          "radius": 0,
          "on_executed": []
        },
        "id": 3245228
      },
      {
        "_class": "ElementTeammateComment",
        "_editor_name": "30s_till_cops_get_here_comment",
        "_values": {
          "enabled": true,
          "allow_first_person": true,
          "comment": "g62",
          "pos_based": false,
          "on_executed": []
        },
        "id": 3245229
      },
      {
        "_class": "ElementTeammateComment",
        "_editor_name": "theyre_in_the_vents_comment",
        "_values": {
          "enabled": true,
          "allow_first_person": true,
          "comment": "v27",
          "position": "Vector3(-1700, 1700, 0)",
          "pos_based": true,
          "use_default_pos": true,
          "radius": 650,
          "on_executed": []
        },
        "id": 3245230
      },
      {
        "_class": "ElementTeammateComment",
        "_editor_name": "theyre_in_the_vents_comment3",
        "_values": {
          "enabled": true,
          "allow_first_person": true,
          "comment": "v27",
          "position": "Vector3(-1000, 2600, 0)",
          "pos_based": true,
          "use_default_pos": true,
          "radius": 650,
          "on_executed": []
        },
        "id": 3245231
      },
      {
        "_class": "ElementTeammateComment",
        "_editor_name": "theyre_in_the_vents_comment2",
        "_values": {
          "enabled": true,
          "allow_first_person": true,
          "comment": "v27",
          "position": "Vector3(-2400, 1300, 0)",
          "pos_based": true,
          "use_default_pos": true,
          "radius": 650,
          "on_executed": []
        },
        "id": 3245232
      },
      {
        "_class": "ElementTeammateComment",
        "_editor_name": "plan_b_time_comment",
        "_values": {
          "enabled": true,
          "allow_first_person": true,
          "comment": "p21",
          "pos_based": false,
          "on_executed": []
        },
        "id": 3245233
      },
      {
        "_class": "ElementFakeAssaultState",
        "_editor_name": "alarm_triggered_music_fake_assault",
        "_values": {
          "enabled": true,
          "track_list": [
            "track_pth_01"
          ],
          "state": true,
          "on_executed": []
        },
        "id": 3245234
      },
      {
        "_class": "ElementFakeAssaultState",
        "_editor_name": "alarm_triggered_long_enough_control_mode",
        "_values": {
          "enabled": true,
          "must_be_played": true,
          "state": false,
          "on_executed": []
        },
        "id": 3245235
      },
      {
        "_class": "ElementTeammateComment",
        "_editor_name": "we_got_the_cash_lets_get_out_comment",
        "_values": {
          "enabled": true,
          "comment": "fwb_67",
          "pos_based": true,
          "allow_first_person": true,
          "use_default_pos": true,
          "on_executed": []
        },
        "id": 3245236
      },
      {
        "_class": "ElementTeammateComment",
        "_editor_name": "oh_fuck_comment",
        "_values": {
          "base_delay": 0,
          "enabled": true,
          "execute_on_startup": false,
          "allow_first_person": true,
          "comment": "g29",
          "pos_based": false,
          "use_default_pos": false,
          "on_executed": []
        },
        "id": 3245237
      },
      {
        "_class": "ElementTeammateComment",
        "_values": {
          "base_delay": 0,
          "enabled": true,
          "execute_on_startup": false,
          "allow_first_person": false,
          "comment": "f44x_any",
          "pos_based": false,
          "on_executed": []
        },
        "id": 3245238
      },
      {
        "_class": "ElementTeammateComment",
		"_editor_name": "point_teammate_comment_lets_go_team",
        "_values": {
          "base_delay": 0,
          "enabled": true,
          "execute_on_startup": false,
          "position": "Vector3(-2400, 3000, 2000)",
          "comment": "v17",
          "pos_based": false,
          "use_default_pos": true,
          "on_executed": []
        },
        "id": 3245239
      },
      {
        "_class": "ElementTeammateComment",
        "_editor_name": "lets_get_drilling_comment",
        "_values": {
          "base_delay": 0,
          "enabled": true,
          "execute_on_startup": false,
          "comment": "slh_26",
          "allow_first_person": true,
          "position": "Vector3(-2221.35,1522.25,1.10006)",
          "pos_based": true,
          "on_executed": []
        },
        "id": 3245240
      },
      {
        "_class": "ElementTeammateComment",
        "_editor_name": "helicopter_on_roof_comment",
        "_values": {
          "base_delay": 0,
          "enabled": true,
          "execute_on_startup": false,
          "comment": "p41",
          "allow_first_person": true,
          "position": "Vector3(-1561.1,749.317,1.09998)",
          "pos_based": true,
          "on_executed": []
        },
        "id": 3245241
      },
      {
        "_class": "ElementTeammateComment",
        "_editor_name": "helicopter_on_roof_comment2",
        "_values": {
          "base_delay": 0,
          "enabled": true,
          "execute_on_startup": false,
          "comment": "p34",
          "allow_first_person": false,
          "pos_based": true,
          "on_executed": []
        },
        "id": 3245242
      },
      {
        "_class": "ElementTeammateComment",
        "_editor_name": "pku_gold_comment",
        "_values": {
          "base_delay": 0,
          "enabled": true,
          "execute_on_startup": false,
          "allow_first_person": true,
          "use_default_pos": true,
          "comment": "slh_37",
          "pos_based": true,
          "position": "Vector3( 2769.61, 326.392, -734.593)",
          "on_executed": []
        },
        "id": 3245243
      },
      {
        "_class": "ElementMusic",
        "_editor_name": "vault_doors_are_opening_cue_fake_assault",
        "_values": {
          "enabled": false,
          "base_delay": 0,
          "execute_on_startup": false,
          "stage": "fake_assault",
          "on_executed": []
        },
        "id": 3245244
      },
      {
        "_class": "ElementSoundDevice",
        "_editor_name": "sound_device_on",
        "_values": {
          "enabled": false,
          "base_delay": 0,
          "execute_on_startup": false,
          "state": "on",
          "on_executed": []
        },
        "id": 3245245
      },
      {
        "_class": "ElementSoundDevice",
        "_editor_name": "sound_device_off",
        "_values": {
          "enabled": true,
          "base_delay": 0,
          "execute_on_startup": false,
          "state": "off",
          "on_executed": []
        },
        "id": 3245246
      },
      {
        "_class": "ElementTeammateComment",
        "_editor_name": "another_gate_block_lets_open_it_comment1",
        "_values": {
          "enabled": true,
          "base_delay": 0,
          "execute_on_startup": false,
          "allow_first_person": false,
          "position": "Vector3(-2300, 1700, 100)",
          "comment": "v16",
          "on_executed": []
        },
        "id": 3245247
      },
      {
        "_class": "ElementTeammateComment",
        "_editor_name": "point_teammate_comment_its_done_comeon",
        "_values": {
          "enabled": true,
          "base_delay": 0,
          "execute_on_startup": false,
          "allow_first_person": false,
          "comment": "v25",
          "on_executed": []
        },
        "id": 3245300
      },
      {
        "_class": "ElementTeammateComment",
        "_editor_name": "point_teammate_comment_about_time",
        "_values": {
          "enabled": true,
          "base_delay": 0,
          "execute_on_startup": false,
          "allow_first_person": false,
		  "play_ogg_line": true,
          "comment": "v11",
          "on_executed": []
        },
        "id": 3245301
      },
      {
        "_class": "ElementTeammateComment",
        "_editor_name": "cops_got_here_teammatecomment",
        "_values": {
          "enabled": true,
          "base_delay": 0,
          "execute_on_startup": false,
          "allow_first_person": false,
		  "play_ogg_line": false,
          "comment": "g70",
          "on_executed": []
        },
        "id": 3245248
      },
      {
        "_class": "ElementTeammateComment",
        "_editor_name": "point_teammate_comment_001",
        "_values": {
          "enabled": true,
          "base_delay": 0,
          "execute_on_startup": false,
          "allow_first_person": false,
          "play_ogg_line": true,
          "comment": "v12",
          "on_executed": []
        },
        "id": 3245249
      },
      {
        "_class": "ElementTeammateComment",
        "_editor_name": "another_gate_block_lets_open_it_comment2",
        "_values": {
          "enabled": true,
          "base_delay": 0,
          "execute_on_startup": false,
          "allow_first_person": false,
          "position": "Vector3(-1700, 2100, 100)",
          "comment": "v16",
          "on_executed": []
        },
        "id": 3245250
      }
    ]
  }
}