{
  "default": {
    "elements": {
      "100429": {
        "_class": "DeadLockeMissionScriptElement",
        "_editor_name": "alarm_triggered",
        "_values": {
          "enabled": true,
          "on_executed": [
            {
              "id": "dlk_234576",
              "delay": 0
            },
            {
              "id": "dlk_234300",
              "delay": 0
            },
            {
              "id": "dlk_234584",
              "delay": 2
            },
            {
              "id": "dlk_234570",
              "delay": 0
            },
            {
              "id": "dlk_234571",
              "delay": 30
            }
          ]
        }
      },
      "dlk_234300": {
        "_class": "ElementSetupOnWeaponsHot",
        "_editor_name": "set_up_on_weapons_hot",
        "_values": {
          "enabled": true,
          "sound_device_enable": true,
          "track_list": [
            "track_pth_09"
          ],
          "music_stage": "fake_assault",
          "on_executed": []
        }
      },
      "dlk_234596": {
        "_class": "ElementTeammateComment",
        "_editor_name": "loot_bag_in_van_comment3",
        "_values": {
          "enabled": true,
          "allow_first_person": true,
          "comment": "p27",
          "position": "Vector3(1200, 475, 2000)",
          "pos_based": true,
          "use_default_pos": true,
          "radius": 800,
          "on_executed": []
        }
      },
      "dlk_234597": {
        "_class": "ElementTeammateComment",
        "_editor_name": "loot_bag_in_van_comment2",
        "_values": {
          "enabled": true,
          "allow_first_person": true,
          "comment": "p27",
          "position": "Vector3(1100, 475, 2000)",
          "pos_based": true,
          "use_default_pos": true,
          "radius": 800,
          "on_executed": []
        }
      },
      "dlk_234581": {
        "_class": "ElementTeammateComment",
        "_editor_name": "gold_is_loaded_comment",
        "_values": {
          "enabled": false,
          "allow_first_person": true,
          "comment": "slh_37",
          "radius": 0,
          "position": "Vector3( 2769.61, 326.392, -734.593)",
          "pos_based": true,
          "on_executed": []
        }
      },
      "dlk_234590": {
        "_class": "ElementTeammateComment",
        "_editor_name": "kill_all_the_cops",
        "_values": {
          "enabled": true,
          "allow_first_person": true,
          "comment": "v18",
          "pos_based": false,
          "use_default_pos": false,
          "radius": 0,
          "on_executed": []
        }
      },
      "dlk_234595": {
        "_class": "ElementTeammateComment",
        "_editor_name": "cloakers_from_floors_comment4",
        "_values": {
          "enabled": true,
          "allow_first_person": true,
          "comment": "p37",
          "pos_based": true,
          "position": "Vector3(-6800, -2600, 0)",
          "use_default_pos": false,
          "radius": 800,
          "on_executed": []
        }
      },
      "dlk_234579": {
        "_class": "ElementTeammateComment",
        "_editor_name": "cloakers_from_floors_comment1",
        "_values": {
          "enabled": true,
          "allow_first_person": true,
          "comment": "p37",
          "pos_based": true,
          "position": "Vector3(-1900, -1000, 0)",
          "use_default_pos": false,
          "radius": 800,
          "on_executed": []
        }
      },
      "dlk_234593": {
        "_class": "ElementTeammateComment",
        "_editor_name": "cloakers_from_floors_comment3",
        "_values": {
          "enabled": true,
          "allow_first_person": true,
          "comment": "p37",
          "pos_based": true,
          "position": "Vector3(1700, 3200, 0)",
          "use_default_pos": false,
          "radius": 800,
          "on_executed": []
        }
      },
      "dlk_234594": {
        "_class": "ElementTeammateComment",
        "_editor_name": "cloakers_from_floors_comment2",
        "_values": {
          "enabled": true,
          "allow_first_person": true,
          "comment": "p37",
          "pos_based": true,
          "position": "Vector3(-1100, 600, 0)",
          "use_default_pos": false,
          "radius": 800,
          "on_executed": []
        }
      },
      "dlk_234547": {
        "_class": "ElementCounterOperator",
        "_editor_name": "gold_pku_counter_add",
        "_values": {
          "enabled": true,
          "amount": 1,
          "operation": "add",
          "elements": [
            "dlk_234550"
          ],
          "on_executed": []
        }
      },
      "dlk_234549": {
        "_class": "ElementCounter",
        "_editor_name": "gold_pku_counter_end",
        "_values": {
          "enabled": true,
          "counter_target": 2,
          "on_executed": []
        }
      },
      "dlk_234550": {
        "_class": "ElementCounter",
        "_editor_name": "gold_pku_counter_start",
        "_values": {
          "enabled": true,
          "counter_target": 0,
          "on_executed": []
        }
      },
      "dlk_234548": {
        "_class": "ElementCounterFilter",
        "_editor_name": "gold_pku_counterfilter_ok",
        "_values": {
          "enabled": true,
          "check_type": "counters_equal",
          "elements": [
            "dlk_234549",
            "dlk_234550"
          ],
          "on_executed": [
            {
              "id": "dlk_234546",
              "delay": 0
            }
          ]
        }
      },
      "dlk_234559": {
        "_class": "ElementToggle",
        "_editor_name": "counter_target_reached_enable_comment",
        "_values": {
          "enabled": true,
          "toggle": "on",
          "elements": [
            "dlk_234546"
          ],
          "on_executed": []
        }
      },
      "dlk_234576": {
        "_class": "ElementToggle",
        "_editor_name": "alarm_trigger_enable_elements",
        "_values": {
          "enabled": true,
          "toggle": "on",
          "elements": [
            "dlk_234558",
            "dlk_234560",
            "dlk_234571"
          ],
          "on_executed": []
        }
      },
      "dlk_234400": {
        "_class": "ElementTeammateComment",
        "_editor_name": "30s_till_cops_get_here_comment",
        "_values": {
          "enabled": true,
          "allow_first_person": false,
          "comment": "t01x_sin",
          "pos_based": false,
          "use_default_pos": false,
          "radius": 0,
          "on_executed": []
        }
      },
      "dlk_234572": {
        "_class": "ElementTeammateComment",
        "_editor_name": "30s_till_cops_get_here_comment",
        "_values": {
          "enabled": true,
          "allow_first_person": true,
          "comment": "g62",
          "pos_based": false,
          "on_executed": []
        }
      },
      "dlk_234580": {
        "_class": "ElementTeammateComment",
        "_editor_name": "theyre_in_the_vents_comment",
        "_values": {
          "enabled": true,
          "allow_first_person": true,
          "comment": "v27",
          "position": "Vector3(-1700, 1700, 0)",
          "pos_based": true,
          "use_default_pos": true,
          "radius": 650,
          "on_executed": []
        }
      },
      "dlk_234592": {
        "_class": "ElementTeammateComment",
        "_editor_name": "theyre_in_the_vents_comment3",
        "_values": {
          "enabled": true,
          "allow_first_person": true,
          "comment": "v27",
          "position": "Vector3(-1000, 2600, 0)",
          "pos_based": true,
          "use_default_pos": true,
          "radius": 650,
          "on_executed": []
        }
      },
      "dlk_234591": {
        "_class": "ElementTeammateComment",
        "_editor_name": "theyre_in_the_vents_comment2",
        "_values": {
          "enabled": true,
          "allow_first_person": true,
          "comment": "v27",
          "position": "Vector3(-2400, 1300, 0)",
          "pos_based": true,
          "use_default_pos": true,
          "radius": 650,
          "on_executed": []
        }
      },
      "dlk_234570": {
        "_class": "ElementFakeAssaultState",
        "_editor_name": "alarm_triggered_music_fake_assault",
        "_values": {
          "enabled": true,
          "track_list": [
            "track_pth_09"
          ],
          "state": true,
          "on_executed": []
        }
      },
      "dlk_234571": {
        "_class": "ElementFakeAssaultState",
        "_editor_name": "alarm_triggered_long_enough_control_mode",
        "_values": {
          "enabled": true,
          "must_be_played": true,
          "state": false,
          "on_executed": []
        }
      },
      "dlk_234530": {
        "_class": "ElementTeammateComment",
        "_editor_name": "we_got_the_cash_lets_get_out_comment",
        "_values": {
          "enabled": true,
          "comment": "fwb_67",
          "pos_based": true,
          "allow_first_person": true,
          "use_default_pos": true,
          "on_executed": []
        }
      },
      "dlk_234584": {
        "_class": "ElementTeammateComment",
        "_editor_name": "oh_fuck_comment",
        "_values": {
          "base_delay": 0,
          "enabled": true,
          "execute_on_startup": false,
          "allow_first_person": true,
          "comment": "g29",
          "pos_based": false,
          "use_default_pos": false,
          "on_executed": []
        }
      },
      "dlk_234583": {
        "_class": "ElementTeammateComment",
        "_values": {
          "base_delay": 0,
          "enabled": true,
          "execute_on_startup": false,
          "allow_first_person": false,
          "comment": "f44x_any",
          "pos_based": false,
          "use_default_pos": false,
          "on_executed": []
        }
      },
      "dlk_234556": {
        "_class": "ElementTeammateComment",
        "_values": {
          "base_delay": 0,
          "enabled": true,
          "execute_on_startup": false,
          "position": "Vector3(-2400, 3000, 2000)",
          "comment": "v17",
          "pos_based": false,
          "use_default_pos": true,
          "on_executed": []
        }
      },
      "dlk_234545": {
        "_class": "ElementTeammateComment",
        "_editor_name": "lets_get_drilling_comment",
        "_values": {
          "base_delay": 0,
          "enabled": true,
          "execute_on_startup": false,
          "comment": "slh_26",
          "allow_first_person": true,
          "position": "Vector3(-2221.35,1522.25,1.10006)",
          "pos_based": true,
          "on_executed": []
        }
      },
      "dlk_234564": {
        "_class": "ElementTeammateComment",
        "_editor_name": "helicopter_on_roof_comment",
        "_values": {
          "base_delay": 0,
          "enabled": true,
          "execute_on_startup": false,
          "comment": "p41",
          "allow_first_person": true,
          "position": "Vector3(-1561.1,749.317,1.09998)",
          "pos_based": true,
          "on_executed": []
        }
      },
      "dlk_234567": {
        "_class": "ElementTeammateComment",
        "_editor_name": "helicopter_on_roof_comment2",
        "_values": {
          "base_delay": 0,
          "enabled": true,
          "execute_on_startup": false,
          "comment": "p34",
          "allow_first_person": false,
          "pos_based": true,
          "on_executed": []
        }
      },
      "dlk_234546": {
        "_class": "ElementTeammateComment",
        "_editor_name": "pku_gold_comment",
        "_values": {
          "base_delay": 0,
          "enabled": true,
          "execute_on_startup": false,
          "allow_first_person": true,
          "use_default_pos": true,
          "comment": "slh_37",
          "pos_based": true,
          "position": "Vector3( 2769.61, 326.392, -734.593)",
          "on_executed": []
        }
      },
      "dlk_234558": {
        "_class": "ElementMusic",
        "_editor_name": "vault_doors_are_opening_cue_fake_assault",
        "_values": {
          "enabled": false,
          "base_delay": 0,
          "execute_on_startup": false,
          "stage": "fake_assault",
          "on_executed": []
        }
      },
      "dlk_234560": {
        "_class": "ElementSoundDevice",
        "_editor_name": "sound_device_on",
        "_values": {
          "enabled": false,
          "base_delay": 0,
          "execute_on_startup": false,
          "state": "on",
          "on_executed": []
        }
      },
      "dlk_234582": {
        "_class": "ElementSoundDevice",
        "_editor_name": "sound_device_off",
        "_values": {
          "enabled": true,
          "base_delay": 0,
          "execute_on_startup": false,
          "state": "off",
          "on_executed": []
        }
      },
      "dlk_234577": {
        "_class": "ElementTeammateComment",
        "_editor_name": "another_gate_block_lets_open_it_comment1",
        "_values": {
          "enabled": true,
          "base_delay": 0,
          "execute_on_startup": false,
          "allow_first_person": false,
          "position": "Vector3(-2300, 1700, 100)",
          "comment": "v16",
          "on_executed": []
        }
      },
      "dlk_234599": {
        "_class": "ElementTeammateComment",
        "_editor_name": "cops_got_here_teammatecomment",
        "_values": {
          "enabled": true,
          "base_delay": 0,
          "execute_on_startup": false,
          "allow_first_person": false,
          "comment": "g70",
          "on_executed": []
        }
      },
      "dlk_234598": {
        "_class": "ElementTeammateComment",
        "_editor_name": "another_gate_block_lets_open_it_comment1",
        "_values": {
          "enabled": true,
          "base_delay": 0,
          "execute_on_startup": false,
          "allow_first_person": false,
          "position": "Vector3(-1700, 2100, 100)",
          "comment": "v16",
          "on_executed": []
        }
      }
    }
  }
}