{
  "default": {
    "activate_on_parsed": false,
    "elements": [
      {
        "_class": "MissionScriptElement",
        "_editor_name": "alarm_tripped",
        "_values": {
          "enabled": true,
          "on_executed": [
            {
              "id": 5670001,
              "delay": 0
            },
            {
              "id": 5670002,
              "delay": 0
            },
            {
              "id": 5670003,
              "delay": 30
            }
          ]
        },
        "id": 104618
      },
      {
        "_class": "ElementFakeAssaultState",
        "_editor_name": "fake_assault_off",
        "_values": {
          "enabled": true,
          "state": false,
          "must_be_played": true,
          "on_executed": []
        },
        "id": 5670003
      },
      {
        "_class": "ElementFakeAssaultState",
        "_editor_name": "fake_assault_on",
        "_values": {
          "enabled": true,
          "track_list": [
            "track_pth_09"
          ],
          "state": true,
          "on_executed": []
        },
        "id": 5670001
      },
      {
        "_class": "ElementSetupOnWeaponsHot",
        "_editor_name": "set_up_on_weapons_hot",
        "_values": {
          "enabled": true,
          "sound_device_enable": true,
          "track_list": [
            "track_pth_09"
          ],
          "music_stage": "fake_assault",
          "on_executed": []
        },
        "id": 5670002
      }
    ]
  }
}