{
  "default": {
    "activate_on_parsed": false,
    "elements": [
      {
        "_class": "MissionScriptElement",
        "_editor_name": "alarm_triggered",
        "_values": {
          "enabled": true,
          "on_executed": [
            {
              "id": 1000131,
              "delay": 0
            },
            {
              "id": 1000121,
              "delay": 0
            },
            {
              "id": 1000120,
              "delay": 40
            },
            {
              "id": 1000122,
              "delay": 6
            },
            {
              "id": 1000200,
              "delay": 12
            }
          ]
        },
        "id": 100136
      },
      {
        "_class": "MissionScriptElement",
        "_editor_name": "vents1",
        "_values": {
          "enabled": true,
          "on_executed": [
            {
              "id": 1000123,
              "delay": 0
            }
          ]
        },
        "id": 102589
      },
      {
        "_class": "MissionScriptElement",
        "_editor_name": "helicopter1",
        "_values": {
          "enabled": true,
          "on_executed": [
            {
              "id": 1000127,
              "delay": 10
            }
          ]
        },
        "id": 102593
      },
      {
        "_class": "MissionScriptElement",
        "_editor_name": "vents2",
        "_values": {
          "enabled": true,
          "on_executed": [
            {
              "id": 1000124,
              "delay": 0
            }
          ]
        },
        "id": 102616
      },
      {
        "_class": "MissionScriptElement",
        "_editor_name": "vents3",
        "_values": {
          "enabled": true,
          "on_executed": [
            {
              "id": 1000125,
              "delay": 0
            }
          ]
        },
        "id": 102617
      },
      {
        "_class": "MissionScriptElement",
        "_editor_name": "vents4",
        "_values": {
          "enabled": true,
          "on_executed": [
            {
              "id": 1000126,
              "delay": 0
            }
          ]
        },
        "id": 102618
      },
      {
        "_class": "MissionScriptElement",
        "_editor_name": "theyre_coming_from_the_floors",
        "_values": {
          "enabled": true,
          "on_executed": [
            {
              "id": 1000128,
              "delay": 0
            }
          ]
        },
        "id": 102622
      },
      {
        "_class": "MissionScriptElement",
        "_editor_name": "theyre_coming_from_the_floors2",
        "_values": {
          "enabled": true,
          "on_executed": [
            {
              "id": 1000129,
              "delay": 0
            }
          ]
        },
        "id": 102623
      },
      {
        "_class": "MissionScriptElement",
        "_editor_name": "theyre_coming_from_the_floors3",
        "_values": {
          "enabled": true,
          "on_executed": [
            {
              "id": 1000130,
              "delay": 0
            }
          ]
        },
        "id": 102624
      },
      {
        "_class": "MissionScriptElement",
        "_editor_name": "cops_are_here",
        "_values": {
          "enabled": true,
          "on_executed": [
            {
              "id": 1000121,
              "delay": 0
            },
            {
              "id": 1000120,
              "delay": 2.956
            },
            {
              "id": 1000500,
              "delay": 0
            }
          ]
        },
        "id": 102630
      },
      {
        "_class": "ElementFakeAssaultState",
        "_editor_name": "alarm_triggerd_long_enough_disable_fake_assault",
        "_values": {
          "enabled": true,
          "on_executed": [],
          "must_be_played": true,
          "state": false
        },
        "id": 1000120
      },
      {
        "_class": "ElementFakeAssaultState",
        "_editor_name": "alarm_triggered_music_fake_assault",
        "_values": {
          "enabled": true,
          "on_executed": [],
          "track_list": [
            "track_pth_01"
          ],
          "state": true
        },
        "id": 1000121
      },
      {
        "_class": "ElementTeammateComment",
        "_editor_name": "alarm_triggerd_lets_do_this",
        "_values": {
          "enabled": true,
          "on_executed": [],
          "allow_first_person": false,
          "comment": "p47",
          "pos_based": false
        },
        "id": 1000122
      },
      {
        "_class": "ElementTeammateComment",
        "_editor_name": "point_comment_cops_here",
        "_values": {
          "enabled": true,
          "on_executed": [],
          "allow_first_person": false,
          "comment": "g70",
          "pos_based": false,
          "play_ogg_line": false,
          "radius": 0
        },
        "id": 1000500
      },
      {
        "_class": "ElementTeammateComment",
        "_editor_name": "vents1_comment",
        "_values": {
          "enabled": true,
          "on_executed": [],
          "allow_first_person": true,
          "comment": "v27",
          "pos_based": true,
          "position": "Vector3(-1400, 1000, 25)",
          "radius": 650
        },
        "id": 1000123
      },
      {
        "_class": "ElementTeammateComment",
        "_editor_name": "vents2_comment",
        "_values": {
          "enabled": true,
          "on_executed": [],
          "allow_first_person": true,
          "comment": "v27",
          "pos_based": true,
          "position": "Vector3(-25, -1375, 32.0717)",
          "radius": 650
        },
        "id": 1000124
      },
      {
        "_class": "ElementTeammateComment",
        "_editor_name": "vents3_comment",
        "_values": {
          "enabled": true,
          "on_executed": [],
          "allow_first_person": true,
          "comment": "v27",
          "pos_based": true,
          "position": "Vector3(200, -1600, 32.0717)",
          "radius": 650
        },
        "id": 1000125
      },
      {
        "_class": "ElementTeammateComment",
        "_editor_name": "vents4_comment",
        "_values": {
          "enabled": true,
          "on_executed": [],
          "allow_first_person": true,
          "comment": "v27",
          "pos_based": true,
          "position": "Vector3(-600, -900, 25)",
          "radius": 650
        },
        "id": 1000126
      },
      {
        "_class": "ElementTeammateComment",
        "_editor_name": "helicopters_comment",
        "_values": {
          "enabled": true,
          "on_executed": [],
          "allow_first_person": false,
          "comment": "fwb_60",
          "pos_based": false,
          "radius": 650
        },
        "id": 1000127
      },
      {
        "_class": "ElementTeammateComment",
        "_editor_name": "theyre_coming_from_the_floors_comment",
        "_values": {
          "enabled": true,
          "on_executed": [],
          "allow_first_person": true,
          "comment": "p37",
          "position": "Vector3(-2525, 2025, 5.18643)",
          "pos_based": true,
          "radius": 1000
        },
        "id": 1000128
      },
      {
        "_class": "ElementTeammateComment",
        "_editor_name": "theyre_coming_from_the_floors_comment2",
        "_values": {
          "enabled": true,
          "on_executed": [],
          "allow_first_person": true,
          "comment": "p37",
          "pos_based": true,
          "position": "Vector3(875, 2200, 5.00087)",
          "radius": 1000
        },
        "id": 1000129
      },
      {
        "_class": "ElementTeammateComment",
        "_editor_name": "theyre_coming_from_the_floors_comment3",
        "_values": {
          "enabled": true,
          "on_executed": [],
          "allow_first_person": true,
          "comment": "p37",
          "pos_based": true,
          "position": "Vector3(1775, -2125, 25)",
          "radius": 1000
        },
        "id": 1000130
      },
      {
        "_class": "ElementTeammateComment",
        "_editor_name": "were_on_the_clock",
        "_values": {
          "enabled": true,
          "on_executed": [],
          "allow_first_person": true,
          "comment": "v09",
          "play_ogg_line": true,
          "pos_based": false,
          "position": "Vector3(1775, -2125, 25)",
          "radius": 0
        },
        "id": 1000200
      },
      {
        "_class": "ElementSetupOnWeaponsHot",
        "_editor_name": "ukrainian_job_set_up_on_weapons_hot",
        "_values": {
          "enabled": true,
          "on_executed": [],
          "sound_device_enable": true,
          "track_list": [
            "track_pth_01"
          ],
          "music_stage": "fake_assault"
        },
        "id": 1000131
      }
    ]
  }
}