{
  "default": {
    "elements": {
      "100136": {
        "_class": "DeadLockeMissionScriptElement",
        "_editor_name": "alarm_triggered",
        "_values": {
          "enabled": true,
          "on_executed": [
            {
              "id": "dlk_2023",
              "delay": 0
            },
            {
              "id": "dlk_2012",
              "delay": 0
            },
            {
              "id": "dlk_2013",
              "delay": 40
            },
            {
              "id": "dlk_2014",
              "delay": 6
            }
          ]
        }
      },
      "102589": {
        "_class": "DeadLockeMissionScriptElement",
        "_editor_name": "vents1",
        "_values": {
          "enabled": true,
          "on_executed": [
            {
              "id": "dlk_2015",
              "delay": 0
            }
          ]
        }
      },
      "102593": {
        "_class": "DeadLockeMissionScriptElement",
        "_editor_name": "helicopter1",
        "_values": {
          "enabled": true,
          "on_executed": [
            {
              "id": "dlk_2016",
              "delay": 10
            }
          ]
        }
      },
      "102616": {
        "_class": "DeadLockeMissionScriptElement",
        "_editor_name": "vents2",
        "_values": {
          "enabled": true,
          "on_executed": [
            {
              "id": "dlk_2017",
              "delay": 0
            }
          ]
        }
      },
      "102617": {
        "_class": "DeadLockeMissionScriptElement",
        "_editor_name": "vents3",
        "_values": {
          "enabled": true,
          "on_executed": [
            {
              "id": "dlk_2018",
              "delay": 0
            }
          ]
        }
      },
      "102618": {
        "_class": "DeadLockeMissionScriptElement",
        "_editor_name": "vents4",
        "_values": {
          "enabled": true,
          "on_executed": [
            {
              "id": "dlk_2019",
              "delay": 0
            }
          ]
        }
      },
      "102622": {
        "_class": "DeadLockeMissionScriptElement",
        "_editor_name": "theyre_coming_from_the_floors",
        "_values": {
          "enabled": true,
          "on_executed": [
            {
              "id": "dlk_2020",
              "delay": 0
            }
          ]
        }
      },
      "102623": {
        "_class": "DeadLockeMissionScriptElement",
        "_editor_name": "theyre_coming_from_the_floors2",
        "_values": {
          "enabled": true,
          "on_executed": [
            {
              "id": "dlk_2021",
              "delay": 0
            }
          ]
        }
      },
      "102624": {
        "_class": "DeadLockeMissionScriptElement",
        "_editor_name": "theyre_coming_from_the_floors3",
        "_values": {
          "enabled": true,
          "on_executed": [
            {
              "id": "dlk_2022",
              "delay": 0
            }
          ]
        }
      },
      "102630": {
        "_class": "DeadLockeMissionScriptElement",
        "_editor_name": "cops_are_here",
        "_values": {
          "enabled": true,
          "on_executed": [
            {
              "id": "dlk_2012",
              "delay": 0
            },
            {
              "id": "dlk_2013",
              "delay": 2.956
            }
          ]
        }
      },
      "dlk_2013": {
        "_class": "ElementFakeAssaultState",
        "_editor_name": "alarm_triggerd_long_enough",
        "_values": {
          "enabled": true,
          "must_be_played": true,
          "state": false,
          "on_executed": []
        }
      },
      "dlk_2012": {
        "_class": "ElementFakeAssaultState",
        "_editor_name": "alarm_triggered_music_fake_assault",
        "_values": {
          "enabled": true,
          "track_list": [
            "track_pth_01"
          ],
          "state": true,
          "on_executed": []
        }
      },
      "dlk_2014": {
        "_class": "ElementTeammateComment",
        "_editor_name": "wtf_do_we_do_now_alarm_triggered",
        "_values": {
          "enabled": true,
          "allow_first_person": false,
          "comment": "v36",
          "pos_based": false,
          "on_executed": []
        }
      },
      "dlk_2015": {
        "_class": "ElementTeammateComment",
        "_editor_name": "vents1_comment",
        "_values": {
          "enabled": true,
          "allow_first_person": true,
          "comment": "v27",
          "pos_based": true,
          "position": "Vector3(-1400, 1000, 25)",
          "radius": 650,
          "on_executed": []
        }
      },
      "dlk_2017": {
        "_class": "ElementTeammateComment",
        "_editor_name": "vents2_comment",
        "_values": {
          "enabled": true,
          "allow_first_person": true,
          "comment": "v27",
          "pos_based": true,
          "position": "Vector3(-25, -1375, 32.0717)",
          "radius": 650,
          "on_executed": []
        }
      },
      "dlk_2018": {
        "_class": "ElementTeammateComment",
        "_editor_name": "vents3_comment",
        "_values": {
          "enabled": true,
          "allow_first_person": true,
          "comment": "v27",
          "pos_based": true,
          "position": "Vector3(200, -1600, 32.0717)",
          "radius": 650,
          "on_executed": []
        }
      },
      "dlk_2019": {
        "_class": "ElementTeammateComment",
        "_editor_name": "vents4_comment",
        "_values": {
          "enabled": true,
          "allow_first_person": true,
          "comment": "v27",
          "pos_based": true,
          "position": "Vector3(-600, -900, 25)",
          "radius": 650,
          "on_executed": []
        }
      },
      "dlk_2016": {
        "_class": "ElementTeammateComment",
        "_editor_name": "helicopters_comment",
        "_values": {
          "enabled": true,
          "allow_first_person": false,
          "comment": "fwb_60",
          "pos_based": false,
          "radius": 650,
          "on_executed": []
        }
      },
      "dlk_2020": {
        "_class": "ElementTeammateComment",
        "_editor_name": "theyre_coming_from_the_floors_comment",
        "_values": {
          "enabled": true,
          "allow_first_person": true,
          "comment": "p37",
          "position": "Vector3(-2525, 2025, 5.18643)",
          "pos_based": true,
          "radius": 1000,
          "on_executed": []
        }
      },
      "dlk_2021": {
        "_class": "ElementTeammateComment",
        "_editor_name": "theyre_coming_from_the_floors_comment2",
        "_values": {
          "enabled": true,
          "allow_first_person": true,
          "comment": "p37",
          "pos_based": true,
          "position": "Vector3(875, 2200, 5.00087)",
          "radius": 1000,
          "on_executed": []
        }
      },
      "dlk_2022": {
        "_class": "ElementTeammateComment",
        "_editor_name": "theyre_coming_from_the_floors_comment3",
        "_values": {
          "enabled": true,
          "allow_first_person": true,
          "comment": "p37",
          "pos_based": true,
          "position": "Vector3(1775, -2125, 25)",
          "radius": 1000,
          "on_executed": []
        }
      },
      "dlk_2023": {
        "_class": "ElementSetupOnWeaponsHot",
        "_editor_name": "ukrainian_job_set_up_on_weapons_hot",
        "_values": {
          "enabled": true,
          "sound_device_enable": true,
          "track_list": [
            "track_pth_01"
          ],
          "music_stage": "fake_assault",
          "on_executed": []
        }
      }
    }
  }
}