{
  "default": {
    "elements": {
      "145671": {
        "_class": "DeadLockeMissionScriptElement",
        "_editor_name": "vault_doors_opening2",
        "_values": {
          "enabled": true,
          "on_executed": [
            {
              "id": "dlk_1",
              "delay": 0
            }
          ]
        }
      },
      "140679": {
        "_class": "DeadLockeMissionScriptElement",
        "_editor_name": "vault_doors_opening2",
        "_values": {
          "enabled": true,
          "on_executed": [
            {
              "id": "dlk_1",
              "delay": 0
            }
          ]
        }
      },
      "145171": {
        "_class": "DeadLockeMissionScriptElement",
        "_editor_name": "vault_doors_opening2",
        "_values": {
          "enabled": true,
          "on_executed": [
            {
              "id": "dlk_1",
              "delay": 0
            }
          ]
        }
      },
      "140179": {
        "_class": "DeadLockeMissionScriptElement",
        "_editor_name": "vault_doors_opening2",
        "_values": {
          "enabled": true,
          "on_executed": [
            {
              "id": "dlk_1",
              "delay": 0
            }
          ]
        }
      },
      "101004": {
        "_class": "DeadLockeMissionScriptElement",
        "_editor_name": "vault_doors_opening2",
        "_values": {
          "enabled": true,
          "on_executed": [
            {
              "id": "dlk_1",
              "delay": 0
            }
          ]
        }
      },
      "142604": {
        "_class": "DeadLockeMissionScriptElement",
        "_editor_name": "vault_doors_opening2",
        "_values": {
          "enabled": true,
          "on_executed": [
            {
              "id": "dlk_1",
              "delay": 0
            }
          ]
        }
      },
      "139179": {
        "_class": "DeadLockeMissionScriptElement",
        "_editor_name": "vault_doors_opening2",
        "_values": {
          "enabled": true,
          "on_executed": [
            {
              "id": "dlk_1",
              "delay": 0
            }
          ]
        }
      },
      "150154": {
        "_class": "DeadLockeMissionScriptElement",
        "_editor_name": "vault_doors_opening2",
        "_values": {
          "enabled": true,
          "on_executed": [
            {
              "id": "dlk_1",
              "delay": 0
            }
          ]
        }
      },
      "149654": {
        "_class": "DeadLockeMissionScriptElement",
        "_editor_name": "vault_doors_opening2",
        "_values": {
          "enabled": true,
          "on_executed": [
            {
              "id": "dlk_1",
              "delay": 0
            }
          ]
        }
      },
      "150654": {
        "_class": "DeadLockeMissionScriptElement",
        "_editor_name": "vault_doors_opening2",
        "_values": {
          "enabled": true,
          "on_executed": [
            {
              "id": "dlk_1",
              "delay": 0
            }
          ]
        }
      },
      "143104": {
        "_class": "DeadLockeMissionScriptElement",
        "_editor_name": "vault_doors_opening2",
        "_values": {
          "enabled": true,
          "on_executed": [
            {
              "id": "dlk_1",
              "delay": 0
            }
          ]
        }
      },
      "150654": {
        "_class": "DeadLockeMissionScriptElement",
        "_editor_name": "vault_doors_opening2",
        "_values": {
          "enabled": true,
          "on_executed": [
            {
              "id": "dlk_1",
              "delay": 0
            }
          ]
        }
      },
      "144104": {
        "_class": "DeadLockeMissionScriptElement",
        "_editor_name": "vault_doors_opening2",
        "_values": {
          "enabled": true,
          "on_executed": [
            {
              "id": "dlk_1",
              "delay": 0
            }
          ]
        }
      },
      "149154": {
        "_class": "DeadLockeMissionScriptElement",
        "_editor_name": "vault_doors_opening2",
        "_values": {
          "enabled": true,
          "on_executed": [
            {
              "id": "dlk_1",
              "delay": 0
            }
          ]
        }
      },
      "dlk_1": {
        "_class": "ElementTeammateComment",
        "_editor_name": "saw_in_place_comment",
        "_values": {
          "enabled": true,
          "base_delay": 0.5,
          "use_instigator": true,
          "execute_on_startup": false,
          "play_ogg_line": true,
          "allow_first_person": true,
          "comment": "v21",
          "on_executed": []
        }
      }
    }
  },
  "on_weapons_hot": {}
}