{
  "default": {
    "elements": [
      {
        "_class": "MissionScriptElement",
        "_editor_name": "shit_just_got_real",
        "_values": {
          "enabled": true,
          "on_executed": [
            {
              "id": 10000234,
              "delay": 0
            },
            {
              "id": 10000235,
              "delay": 0
            }
          ]
        },
		"id" : 100130
      },
      {
        "_class": "ElementSetupOnWeaponsHot",
        "_editor_name": "shit_just_got_real_set_up_on_weapons_hot",
        "_values": {
          "enabled": true,
          "sound_device_enable": true,
          "track_list": [
            "track_pth_05",
            "track_43"
          ],
          "music_stage": "fake_assault",
          "on_executed": []
        },
		"id" : 10000234
      },
      {
        "_class": "ElementFakeAssaultState",
        "_editor_name": "shit_just_got_real_triggered_music_fake_assault",
        "_values": {
          "enabled": true,
          "track_list": [
            "track_pth_05",
            "track_43"
          ],
          "state": true,
          "on_executed": []
        },
		"id" : 10000235
      }
    ]
  }
}