{
  "default": {
    "elements": [
      {
        "_class": "MissionScriptElement",
        "_editor_name": "ALARM ALARM",
        "_values": {
          "enabled": true,
          "on_executed": [
            {
              "id": 10000340,
              "delay": 0
            },
            {
              "id": 10000341,
              "delay": 0
            }
          ]
        },
		"id" : 102551
      },
	  {
        "_class": "ElementFakeAssaultState",
        "_editor_name": "alarm_triggered_music_fake_assault",
        "_values": {
          "enabled": true,
          "track_list": [
            "track_pth_07"
          ],
          "state": true,
          "on_executed": []
        },
		"id" : 10000340
      },
      {
        "_class": "ElementSetupOnWeaponsHot",
        "_editor_name": "ALARM ALARM",
        "_values": {
          "enabled": true,
          "sound_device_enable": true,
          "track_list": [
			"track_pth_07"
		  ],
          "music_stage": "fake_assault",
          "on_executed": []
        },
		"id" : 10000341
      }
    ]
  }
}