{
  "default": {
    "elements": [
      {
        "_class": "MissionScriptElement",
        "_editor_name": "cops_are_here",
        "_values": {
          "enabled": true,
          "on_executed": [
            {
              "id": 10000451,
              "delay": 0
            },
            {
              "id": 10000450,
              "delay": 2.686
            }
          ]
        },
		"id" : 100406
      },
      {
        "_class": "MissionScriptElement",
        "_editor_name": "idk_what_this_is",
        "_values": {
          "enabled": true,
          "on_executed": [
            {
              "id": 10000456,
              "delay": 25
            },
            {
              "id": 10000457,
              "delay": 60
            }
          ]
        },
		"id" : 101321
      },
      {
        "_class": "MissionScriptElement",
        "_editor_name": "we_got_the_cash",
        "_values": {
          "enabled": true,
          "on_executed": [
            {
              "id": 10000454,
              "delay": 0
            }
          ]
        },
		"id" : 101667
      },
      {
        "_class": "MissionScriptElement",
        "_editor_name": "snipers_on_windows",
        "_values": {
          "enabled": true,
          "on_executed": [
            {
              "id": 10000455,
              "delay": 0
            }
          ]
        },
		"id" : 102114
      },
      {
        "_class": "MissionScriptElement",
        "_editor_name": "alarm_triggered",
        "_values": {
          "enabled": true,
          "on_executed": [
            {
              "id": 10000458,
              "delay": 0
            },
            {
              "id": 10000451,
              "delay": 0
            },
            {
              "id": 10000452,
              "delay": 1
            },
            {
              "id": 10000450,
              "delay": 40
            }
          ]
        },
		"id" : 103709
      },
      {
        "_class": "ElementFakeAssaultState",
        "_editor_name": "alarm_triggerd_long_enough",
        "_values": {
          "enabled": true,
          "must_be_played": true,
          "state": false,
          "on_executed": []
        },
		"id" : 10000450
      },
      {
        "_class": "ElementFakeAssaultState",
        "_editor_name": "alarm_triggered_music_fake_assault",
        "_values": {
          "enabled": true,
          "track_list": [
            "track_pth_01"
          ],
          "state": true,
          "on_executed": []
        },
		"id" : 10000451
      },
      {
        "_class": "ElementTeammateComment",
        "_editor_name": "lets_do_this_loud",
        "_values": {
          "enabled": true,
          "allow_first_person": false,
          "comment": "a01x_any",
          "pos_based": false,
          "on_executed": []
        },
		"id" : 10000452
      },
      {
        "_class": "ElementTeammateComment",
        "_editor_name": "helicopters_comment",
        "_values": {
          "enabled": true,
          "allow_first_person": false,
          "comment": "fwb_60",
          "pos_based": false,
          "radius": 650,
          "on_executed": []
        },
		"id" : 10000453
      },
      {
        "_class": "ElementTeammateComment",
        "_editor_name": "we_got_the_cash_comment",
        "_values": {
          "enabled": true,
          "allow_first_person": false,
          "comment": "fwb_67",
          "pos_based": false,
          "radius": 0,
          "on_executed": []
        },
		"id" : 10000454
      },
      {
        "_class": "ElementTeammateComment",
        "_editor_name": "we_got_the_cash_comment",
        "_values": {
          "enabled": true,
          "allow_first_person": false,
          "comment": "fwb_54",
          "pos_based": false,
          "radius": 0,
          "on_executed": []
        },
		"id" : 10000455
      },
      {
        "_class": "ElementTeammateComment",
        "_editor_name": "few_more_minutes",
        "_values": {
          "enabled": true,
          "allow_first_person": false,
          "comment": "t01x_sin",
          "pos_based": false,
          "radius": 0,
          "on_executed": []
        },
		"id" : 10000456
      },
      {
        "_class": "ElementTeammateComment",
        "_editor_name": "come_on_already",
        "_values": {
          "enabled": true,
          "allow_first_person": false,
          "comment": "p04",
          "pos_based": false,
          "radius": 0,
          "on_executed": []
        },
		"id" : 10000457
      },
      {
        "_class": "ElementSetupOnWeaponsHot",
        "_editor_name": "first_world_bank_weapons_hot",
        "_values": {
          "enabled": true,
          "sound_device_enable": true,
          "track_list": [
            "track_pth_01"
          ],
          "music_stage": "fake_assault",
          "on_executed": []
        },
		"id" : 10000458
      }
    ]
  }
}