{
  "default": {
    "elements": {
      "100136": {
        "_class": "DeadLockeMissionScriptElement",
        "_editor_name": "alarm_triggered",
        "_values": {
          "enabled": true,
          "on_executed": [
            {
              "id": "dlk_2023",
              "delay": 0
            },
            {
              "id": "dlk_2012",
              "delay": 0
            },
            {
              "id": "dlk_2013",
              "delay": 40
            },
            {
              "id": "dlk_2014",
              "delay": 6
            }
          ]
        }
      },
      "101371": {
        "_class": "DeadLockeMissionScriptElement",
        "_editor_name": "tiaraObtained",
        "_values": {
          "enabled": true,
          "on_executed": [
            {
              "id": "dlk_2025",
              "delay": 0
            }
          ]
        }
      },
      "102589": {
        "_class": "DeadLockeMissionScriptElement",
        "_editor_name": "vents1",
        "_values": {
          "enabled": true,
          "on_executed": [
            {
              "id": "dlk_2015",
              "delay": 0
            }
          ]
        }
      },
      "102593": {
        "_class": "DeadLockeMissionScriptElement",
        "_editor_name": "helicopter1",
        "_values": {
          "enabled": true,
          "on_executed": [
            {
              "id": "dlk_2016",
              "delay": 10
            }
          ]
        }
      },
      "102616": {
        "_class": "DeadLockeMissionScriptElement",
        "_editor_name": "vents2",
        "_values": {
          "enabled": true,
          "on_executed": [
            {
              "id": "dlk_2017",
              "delay": 0
            }
          ]
        }
      },
      "102617": {
        "_class": "DeadLockeMissionScriptElement",
        "_editor_name": "vents3",
        "_values": {
          "enabled": true,
          "on_executed": [
            {
              "id": "dlk_2018",
              "delay": 0
            }
          ]
        }
      },
      "102618": {
        "_class": "DeadLockeMissionScriptElement",
        "_editor_name": "vents4",
        "_values": {
          "enabled": true,
          "on_executed": [
            {
              "id": "dlk_2019",
              "delay": 0
            }
          ]
        }
      },
      "102622": {
        "_class": "DeadLockeMissionScriptElement",
        "_editor_name": "theyre_coming_from_the_floors",
        "_values": {
          "enabled": true,
          "on_executed": [
            {
              "id": "dlk_2020",
              "delay": 0
            }
          ]
        }
      },
      "102623": {
        "_class": "DeadLockeMissionScriptElement",
        "_editor_name": "theyre_coming_from_the_floors2",
        "_values": {
          "enabled": true,
          "on_executed": [
            {
              "id": "dlk_2021",
              "delay": 0
            }
          ]
        }
      },
      "102624": {
        "_class": "DeadLockeMissionScriptElement",
        "_editor_name": "theyre_coming_from_the_floors3",
        "_values": {
          "enabled": true,
          "on_executed": [
            {
              "id": "dlk_2022",
              "delay": 0
            }
          ]
        }
      },
      "102630": {
        "_class": "DeadLockeMissionScriptElement",
        "_editor_name": "cops_are_here",
        "_values": {
          "enabled": true,
          "on_executed": [
            {
              "id": "dlk_2012",
              "delay": 0
            },
            {
              "id": "dlk_2024",
              "delay": 0
            },
            {
              "id": "dlk_2013",
              "delay": 2.956
            }
          ]
        }
      },
      "dlk_2013": {
        "_class": "ElementFakeAssaultState",
        "_editor_name": "alarm_triggerd_long_enough",
        "_values": {
          "enabled": true,
          "must_be_played": true,
          "state": false,
          "on_executed": []
        }
      },
      "dlk_2012": {
        "_class": "ElementFakeAssaultState",
        "_editor_name": "alarm_triggered_music_fake_assault",
        "_values": {
          "enabled": true,
          "track_list": [
            "track_pth_01"
          ],
          "state": true,
          "on_executed": []
        }
      },
      "dlk_2014": {
        "_class": "ElementTeammateComment",
        "_editor_name": "wtf_do_we_do_now_alarm_triggered",
        "_values": {
          "enabled": true,
          "allow_first_person": false,
          "comment": "v36",
          "pos_based": false,
          "on_executed": []
        }
      },
      "dlk_2015": {
        "_class": "ElementTeammateComment",
        "_editor_name": "vents1_comment",
        "_values": {
          "enabled": true,
          "allow_first_person": true,
          "comment": "v27",
          "pos_based": true,
          "position": "Vector3(-1400, 1000, 25)",
          "radius": 650,
          "on_executed": []
        }
      },
      "dlk_2017": {
        "_class": "ElementTeammateComment",
        "_editor_name": "vents2_comment",
        "_values": {
          "enabled": true,
          "allow_first_person": true,
          "comment": "v27",
          "pos_based": true,
          "position": "Vector3(-25, -1375, 32.0717)",
          "radius": 650,
          "on_executed": []
        }
      },
      "dlk_2018": {
        "_class": "ElementTeammateComment",
        "_editor_name": "vents3_comment",
        "_values": {
          "enabled": true,
          "allow_first_person": true,
          "comment": "v27",
          "pos_based": true,
          "position": "Vector3(200, -1600, 32.0717)",
          "radius": 650,
          "on_executed": []
        }
      },
      "dlk_2019": {
        "_class": "ElementTeammateComment",
        "_editor_name": "vents4_comment",
        "_values": {
          "enabled": true,
          "allow_first_person": true,
          "comment": "v27",
          "pos_based": true,
          "position": "Vector3(-600, -900, 25)",
          "radius": 650,
          "on_executed": []
        }
      },
      "dlk_2016": {
        "_class": "ElementTeammateComment",
        "_editor_name": "helicopters_comment",
        "_values": {
          "enabled": true,
          "allow_first_person": false,
          "comment": "fwb_60",
          "pos_based": false,
          "radius": 650,
          "on_executed": []
        }
      },
      "dlk_2020": {
        "_class": "ElementTeammateComment",
        "_editor_name": "theyre_coming_from_the_floors_comment",
        "_values": {
          "enabled": true,
          "allow_first_person": true,
          "comment": "p37",
          "position": "Vector3(-2525, 2025, 5.18643)",
          "pos_based": true,
          "radius": 1000,
          "on_executed": []
        }
      },
      "dlk_2021": {
        "_class": "ElementTeammateComment",
        "_editor_name": "theyre_coming_from_the_floors_comment2",
        "_values": {
          "enabled": true,
          "allow_first_person": true,
          "comment": "p37",
          "pos_based": true,
          "position": "Vector3(875, 2200, 5.00087)",
          "radius": 1000,
          "on_executed": []
        }
      },
      "dlk_2022": {
        "_class": "ElementTeammateComment",
        "_editor_name": "theyre_coming_from_the_floors_comment3",
        "_values": {
          "enabled": true,
          "allow_first_person": true,
          "comment": "p37",
          "pos_based": true,
          "position": "Vector3(1775, -2125, 25)",
          "radius": 1000,
          "on_executed": []
        }
      },
      "dlk_2026": {
        "_class": "ElementAreaTrigger",
        "_editor_name": "area_trigger_test1",
        "_values": {
          "amount": "1",
          "base_delay": 0,
          "depth": 500,
          "enabled": true,
          "execute_on_startup": false,
          "height": 1419.8800048828,
          "interval": 0.10000000149012,
          "on_executed": [],
          "position": "Vector3(1049.24, 594.575, 26.0999)",
          "radius": 500,
          "rotation": "Rotation(0, 0, -0)",
          "shape_type": "box",
          "spawn_unit_elements": [],
          "trigger_on": "on_enter",
          "trigger_times": 1,
          "use_disabled_shapes": false,
          "use_shape_elements": false,
          "width": 300
        }
      },
      "dlk_2036": {
        "_class": "ElementAreaTrigger",
        "_editor_name": "area_trigger_test2",
        "_values": {
          "amount": "1",
          "base_delay": 0,
          "enabled": true,
          "execute_on_startup": false,
          "interval": 0.10000000149012,
          "on_executed": [],
          "spawn_unit_elements": [],
          "trigger_on": "on_enter",
          "trigger_times": 1,
          "shape_type": "box",
          "position": "Vector3(-1400.91, 42.5992, 26.4802)",
          "Rotation": "Rotation(-0, -0, -0)",
          "width": 317.19504364822,
          "depth": 221.79795048219,
          "height": 412.59213681424,
          "use_disabled_shapes": false,
          "use_shape_elements": false
        }
      },
      "dlk_2037": {
        "_class": "ElementAreaTrigger",
        "_editor_name": "this_way_alleyway",
        "_values": {
          "amount": "1",
          "base_delay": 0,
          "enabled": true,
          "execute_on_startup": false,
          "instigator": "players",
          "use_shape_element_ids": [
            "dlk_2026",
            "dlk_2036"
          ],
          "interval": 0.10000000149012,
          "on_executed": [
            {
              "id": "dlk_2028",
              "delay": 0
            },
            {
              "id": "dlk_2039",
              "delay": 0
            }
          ],
          "spawn_unit_elements": [],
          "trigger_on": "on_enter",
          "trigger_times": 1,
          "use_disabled_shapes": false
        }
      },
      "dlk_2030": {
        "_class": "ElementAreaTrigger",
        "_editor_name": "area_trigger_safe_drill",
        "_values": {
          "amount": "1",
          "base_delay": 0,
          "depth": 300,
          "enabled": true,
          "execute_on_startup": false,
          "height": 500,
          "interval": 0.10000000149012,
          "on_executed": [],
          "position": "Vector3(-500.982, -960.614, 26.1)",
          "rotation": "Rotation(0, 0, -0)",
          "shape_type": "box",
          "spawn_unit_elements": [],
          "trigger_on": "on_enter",
          "trigger_times": 1,
          "use_disabled_shapes": false,
          "width": 200
        }
      },
      "dlk_2034": {
        "_class": "ElementAreaTrigger",
        "_editor_name": "point_area_talk_safe",
        "_values": {
          "amount": "1",
          "base_delay": 0,
          "depth": 200,
          "enabled": true,
          "execute_on_startup": false,
          "height": 400,
          "interval": 0.10000000149012,
          "on_executed": [],
          "position": "Vector3(281.396, -1649.83, 100.1)",
          "rotation": "Rotation(0, 0, -0)",
          "shape_type": "box",
          "spawn_unit_elements": [],
          "trigger_on": "on_enter",
          "trigger_times": 1,
          "use_disabled_shapes": false,
          "width": 250
        }
      },
      "dlk_2035": {
        "_class": "ElementAreaTrigger",
        "_editor_name": "point_safes_talk",
        "_values": {
          "amount": "1",
          "base_delay": 0,
          "enabled": true,
          "execute_on_startup": false,
          "instigator": "players",
          "use_shape_element_ids": [
            "dlk_2034",
            "dlk_2030"
          ],
          "interval": 0.10000000149012,
          "on_executed": [
            {
              "id": "dlk_2032",
              "delay": 0
            },
            {
              "id": "dlk_2033",
              "delay": 0
            }
          ],
          "spawn_unit_elements": [],
          "trigger_on": "on_enter",
          "trigger_times": 1,
          "use_disabled_shapes": false
        }
      },
      "dlk_2024": {
        "_class": "ElementTeammateComment",
        "_editor_name": "cops_are_here_comment",
        "_values": {
          "enabled": true,
          "allow_first_person": false,
          "comment": "g70",
          "pos_based": false,
          "radius": 0,
          "on_executed": []
        }
      },
      "dlk_2028": {
        "_class": "ElementTeammateComment",
        "_editor_name": "take_out_cameras",
        "_values": {
          "enabled": true,
          "allow_first_person": false,
          "comment": "g12",
          "pos_based": false,
          "use_instigator": true,
          "radius": 0,
          "on_executed": []
        }
      },
      "dlk_2027": {
        "_class": "ElementToggle",
        "_editor_name": "cops_area_trigger_disable",
        "_values": {
          "enabled": true,
          "toggle": "off",
          "elements": [
            "dlk_2026"
          ],
          "on_executed": []
        }
      },
      "dlk_2031": {
        "_class": "ElementToggle",
        "_editor_name": "disable_area_trigger_safe1",
        "_values": {
          "enabled": true,
          "toggle": "off",
          "elements": [
            "dlk_2030",
            "dlk_2034"
          ],
          "on_executed": []
        }
      },
      "dlk_2033": {
        "_class": "ElementToggle",
        "_editor_name": "disable_area_trigger_safe2",
        "_values": {
          "enabled": true,
          "toggle": "off",
          "elements": [
            "dlk_2035"
          ],
          "on_executed": []
        }
      },
      "dlk_2039": {
        "_class": "ElementToggle",
        "_editor_name": "disable_area_trigger_safe2",
        "_values": {
          "enabled": true,
          "toggle": "off",
          "elements": [
            "dlk_2037"
          ],
          "on_executed": []
        }
      },
      "dlk_2025": {
        "_class": "ElementTeammateComment",
        "_editor_name": "found_the_tiara",
        "_values": {
          "enabled": true,
          "allow_first_person": true,
          "use_instigator": true,
          "comment": "v04",
          "pos_based": false,
          "radius": 0,
          "on_executed": []
        }
      },
      "dlk_2032": {
        "_class": "ElementTeammateComment",
        "_editor_name": "ok_lets_get_drillin",
        "_values": {
          "enabled": true,
          "allow_first_person": true,
          "use_instigator": true,
          "comment": "slh_26",
          "pos_based": false,
          "radius": 0,
          "on_executed": []
        }
      },
      "dlk_2023": {
        "_class": "ElementSetupOnWeaponsHot",
        "_editor_name": "ukrainian_job_set_up_on_weapons_hot",
        "_values": {
          "enabled": true,
          "sound_device_enable": true,
          "track_list": [
            "track_pth_01"
          ],
          "music_stage": "fake_assault",
          "on_executed": []
        }
      }
    }
  }
}