{
  "default": {
    "elements": {
      "101144": {
        "_class": "DeadLockeMissionScriptElement",
        "_editor_name": "drivers_shot",
        "_values": {
          "enabled": true,
          "on_executed": [
            {
              "id": "dlk_1",
              "delay": 7
            },
            {
              "id": "dlk_5",
              "delay": 10
            },
            {
              "id": "dlk_6",
              "delay": 14
            }
          ]
        }
      },
      "101386": {
        "_class": "DeadLockeMissionScriptElement",
        "_editor_name": "lets_move_this_stuff1",
        "_values": {
          "enabled": true,
          "on_executed": [
            {
              "id": "dlk_7",
              "delay": 5
            }
          ]
        }
      },
      "101697": {
        "_class": "DeadLockeMissionScriptElement",
        "_editor_name": "lets_move_this_stuff2",
        "_values": {
          "enabled": true,
          "on_executed": [
            {
              "id": "dlk_7",
              "delay": 5
            }
          ]
        }
      },
      "101698": {
        "_class": "DeadLockeMissionScriptElement",
        "_editor_name": "lets_move_this_stuff3",
        "_values": {
          "enabled": true,
          "on_executed": [
            {
              "id": "dlk_7",
              "delay": 5
            }
          ]
        }
      },
      "101699": {
        "_class": "DeadLockeMissionScriptElement",
        "_editor_name": "lets_move_this_stuff4",
        "_values": {
          "enabled": true,
          "on_executed": [
            {
              "id": "dlk_7",
              "delay": 5
            }
          ]
        }
      },
      "dlk_1": {
        "_class": "ElementTeammateComment",
        "_editor_name": "oh_shit_drivers_dead_comment_part_1",
        "_values": {
          "enabled": true,
          "comment": "g60",
          "allow_first_person": true,
          "pos_based": false,
          "radius": 0,
          "use_instigator": false,
          "on_executed": []
        }
      },
      "dlk_5": {
        "_class": "ElementTeammateComment",
        "_editor_name": "oh_shit_drivers_dead_comment_part_2",
        "_values": {
          "enabled": true,
          "comment": "v36",
          "allow_first_person": false,
          "pos_based": false,
          "radius": 0,
          "use_instigator": false,
          "on_executed": []
        }
      },
      "dlk_6": {
        "_class": "ElementTeammateComment",
        "_editor_name": "oh_shit_drivers_dead_comment_part_3",
        "_values": {
          "enabled": true,
          "comment": "v35",
          "allow_first_person": true,
          "pos_based": false,
          "radius": 0,
          "use_instigator": false,
          "on_executed": []
        }
      },
      "dlk_7": {
        "_class": "ElementTeammateComment",
        "_editor_name": "lets_move_this_stuff_comment",
        "_values": {
          "enabled": true,
          "comment": "v51",
          "allow_first_person": true,
          "pos_based": false,
          "radius": 0,
          "use_instigator": false,
          "on_executed": []
        }
      },
      "dlk_2": {
        "_class": "ElementFakeAssaultState",
        "_editor_name": "fake_assault_off",
        "_values": {
          "enabled": true,
          "track_list": [
            "track_pth_06"
          ],
          "state": true,
          "on_executed": []
        }
      },
      "dlk_3": {
        "_class": "ElementFakeAssaultState",
        "_editor_name": "fake_assault_on",
        "_values": {
          "enabled": true,
          "must_be_played": true,
          "state": false,
          "on_executed": []
        }
      },
      "dlk_4": {
        "_class": "ElementSetupOnWeaponsHot",
        "_editor_name": "set_up_on_weapons_hot",
        "_values": {
          "enabled": true,
          "sound_device_enable": true,
          "track_list": [
            "track_pth_06"
          ],
          "music_stage": "fake_assault",
          "on_executed": []
        }
      }
    }
  }
}