{
  "default": {
    "elements": [
      {
        "_class": "MissionScriptElement",
        "_editor_name": "megaphoneDude002",
        "_values": {
          "enabled": true,
          "on_executed": [
            {
              "id": 1005000,
              "delay": 8
            }
          ]
        },
		"id" : 100927
      },
      {
        "_class": "MissionScriptElement",
        "_editor_name": "drivers_shot",
        "_values": {
          "enabled": true,
          "on_executed": [
            {
              "id": 1000020,
              "delay": 7
            },
            {
              "id": 1000021,
              "delay": 10
            },
            {
              "id": 1000022,
              "delay": 14
            }
          ]
        },
		"id" : 101144
      },
      {
        "_class": "MissionScriptElement",
        "_editor_name": "lets_move_this_stuff1",
        "_values": {
          "enabled": true,
          "on_executed": [
            {
              "id": 1000026,
              "delay": 5
            }
          ]
        },
		"id" : 101386
      },
      {
        "_class": "MissionScriptElement",
        "_editor_name": "lets_move_this_stuff2",
        "_values": {
          "enabled": true,
          "on_executed": [
            {
              "id": 1000026,
              "delay": 5
            }
          ]
        },
		"id" : 101697
      },
      {
        "_class": "MissionScriptElement",
        "_editor_name": "lets_move_this_stuff3",
        "_values": {
          "enabled": true,
          "on_executed": [
            {
              "id": 1000026,
              "delay": 5
            }
          ]
        },
		"id" : 101698
      },
      {
        "_class": "MissionScriptElement",
        "_editor_name": "lets_move_this_stuff4",
        "_values": {
          "enabled": true,
          "on_executed": [
            {
              "id": 1000026,
              "delay": 5
            }
          ]
        },
		"id" : 101699
      },
      {
        "_class": "ElementTeammateComment",
        "_editor_name": "oh_shit_drivers_dead_comment_part_1",
        "_values": {
          "enabled": true,
          "comment": "g60",
          "allow_first_person": true,
          "pos_based": false,
          "radius": 0,
          "use_instigator": false,
          "on_executed": []
        },
		"id" : 1000020
      },
      {
        "_class": "ElementTeammateComment",
        "_editor_name": "point_comment_dallas_why_are_they_shooting",
        "_values": {
          "enabled": true,
          "comment": "watchdogs_03",
          "allow_first_person": true,
          "pos_based": false,
		  "play_ogg_line" : true,
          "radius": 0,
          "use_instigator": false,
          "on_executed": []
        },
		"id" : 1005000
      },
      {
        "_class": "ElementTeammateComment",
        "_editor_name": "oh_shit_drivers_dead_comment_part_2",
        "_values": {
          "enabled": true,
          "comment": "v36",
          "allow_first_person": false,
          "pos_based": false,
          "radius": 0,
          "use_instigator": false,
          "on_executed": []
        },
		"id" : 1000021
      },
      {
        "_class": "ElementTeammateComment",
        "_editor_name": "oh_shit_drivers_dead_comment_part_3",
        "_values": {
          "enabled": true,
          "comment": "v35",
          "allow_first_person": true,
          "pos_based": false,
          "radius": 0,
          "use_instigator": false,
          "on_executed": []
        },
		"id" : 1000022
      },
      {
        "_class": "ElementTeammateComment",
        "_editor_name": "lets_move_this_stuff_comment",
        "_values": {
          "enabled": true,
          "comment": "v51",
          "allow_first_person": true,
          "pos_based": false,
          "radius": 0,
          "use_instigator": false,
          "on_executed": []
        },
		"id" : 1000026
      },
      {
        "_class": "ElementFakeAssaultState",
        "_editor_name": "fakeassault_gangster_shoot_out_on",
        "_values": {
          "enabled": true,
          "track_list": [
            "track_pth_06"
          ],
          "state": true,
          "on_executed": []
        },
		"id" : 1000023
      },
      {
        "_class": "ElementFakeAssaultState",
        "_editor_name": "fakeassault_gangster_shoot_out_off",
        "_values": {
          "enabled": true,
          "must_be_played": true,
          "state": false,
          "on_executed": []
        },
		"id" : 1000024
      },
      {
        "_class": "ElementSetupOnWeaponsHot",
        "_editor_name": "set_up_on_weapons_hot",
        "_values": {
          "enabled": true,
          "sound_device_enable": true,
          "track_list": [
            "track_pth_06"
          ],
          "music_stage": "fake_assault",
          "on_executed": []
        },
		"id" : 1000025
      }
    ]
  }
}