{
	"elements" : {
		"103654": {
			"trigger_list": [
				{
					"allow_first_person": true,
					"sound_name": "v56",
					"use_pos": true,
					"custom_pos": "Vector3(2350,1850,-550)"
				}
			]
		},
		"103680": {
			"trigger_list": [
				{
					"allow_first_person": true,
					"sound_name": "g60",
					"delay": 1
				},
				{
					"music_must_have_list": [
						"track_pth_06"
					],
					"music_event": "fake_assault"
				},
				{
					"music_event": "control",
					"delay": 30
				}
			]
		}
	},
	"on_enemy_weapons_hot": {
		"music_event": "fake_assault",
		"aggressive" : "on",
		"music_must_have_list": [
			"track_pth_06"
		]
	}
}