{
	"elements" : {
		"100213": {
			"trigger_list": [
				{
					"allow_first_person": true,
					"sound_name": "v47",
					"grabbed_loot_times": 5,
					"type": "big_bank_money"
				},
				{
					"allow_first_person": true,
					"grabbed_loot_times": 7,
					"sound_name": "v48",
					"type": "big_bank_money"
				}
			]
		},
		"100846": {
			"trigger_list": [
				{
					"allow_first_person": true,
					"sound_name": "v27",
					"use_pos": true,
					"radius": 650
				}
			]
		},
		"100850": {
			"trigger_list": [
				{
					"allow_first_person": true,
					"sound_name": "v27",
					"use_pos": true,
					"radius": 650
				}
			]
		},
		"100854": {
			"trigger_list": [
				{
					"allow_first_person": true,
					"sound_name": "v27",
					"use_pos": true,
					"radius": 650
				}
			]
		},
		"100858": {
			"trigger_list": [
				{
					"allow_first_person": true,
					"sound_name": "v27",
					"use_pos": true,
					"radius": 650
				}
			]
		},
		"100862": {
			"trigger_list": [
				{
					"allow_first_person": true,
					"sound_name": "v27",
					"use_pos": true,
					"radius": 650
				}
			]
		},
		"100866": {
			"trigger_list": [
				{
					"allow_first_person": true,
					"sound_name": "v27",
					"use_pos": true,
					"radius": 650
				}
			]
		},
		"100871": {
			"trigger_list": [
				{
					"allow_first_person": true,
					"sound_name": "v27",
					"use_pos": true,
					"radius": 650
				}
			]
		},
		"101184": {
			"trigger_list": [
				{
					"allow_first_person": true,
					"sound_name": "v27",
					"use_pos": true,
					"radius": 650
				}
			]
		},
		"103072": {
			"trigger_list": [
				{
					"allow_first_person": true,
					"use_pos": true,
					"sound_name": "v25"
				}
			]
		},
		"103700": {
			"trigger_list": [
				{
					"allow_first_person": true,
					"sound_name": "slh_26",
					"use_pos": true
				}
			]
		},
		"103702": {
			"trigger_list": [
				{
					"allow_first_person": true,
					"sound_name": "slh_26",
					"use_pos": true
				}
			]
		},
		"103704": {
			"trigger_list": [
				{
					"allow_first_person": true,
					"sound_name": "slh_26",
					"use_pos": true
				}
			]
		},
		"104000": {
			"trigger_list": [
				{
					"allow_first_person": true,
					"sound_name": "v25",
					"use_pos": true
				}
			]
		},
		"104005": {
			"trigger_list": [
				{
					"allow_first_person": true,
					"use_pos": true,
					"sound_name": "v25"
				}
			]
		},
		"104103": {
			"trigger_list": [
				{
					"allow_first_person": true,
					"use_pos": true,
					"sound_name": "v25"
				}
			]
		},
		"104782": {
			"trigger_list": [
				{
					"allow_first_person": true,
					"sound_name": "v54",
					"delay": 2
				}
			]
		},
		"105431": {
			"trigger_list": [
				{
					"allow_first_person": true,
					"sound_name": "p41",
					"use_pos": true,
					"custom_pos": "Vector3(3047.99, -619.821, 301.089)",
					"delay": 5
				}
			]
		},
		"105969": {
			"trigger_list": [
				{
					"allow_first_person": true,
					"sound_name": "v03",
					"use_pos": true,
					"delay": 9
				}
			]
		}
	}
}