{
	"elements" : {
		"100154": {
			"trigger_list": [
				{
					"allow_first_person": true,
					"sound_name": "v26",
					"use_pos": true,
					"delay": 3
				},
				{
					"allow_first_person": false,
					"sound_name": "g17",
					"delay": 5
				},
				{
					"allow_first_person": false,
					"sound_name": "g09",
					"delay": 20,
					"use_pos": true
				}
			]
		},
		"100156": {
			"trigger_list": [
				{
					"allow_first_person": true,
					"sound_name": "v26",
					"use_pos": true,
					"delay": 3
				},
				{
					"allow_first_person": false,
					"sound_name": "g17",
					"delay": 5
				},
				{
					"allow_first_person": false,
					"sound_name": "g09",
					"delay": 20,
					"use_pos": true
				}
			]
		},
		"100157": {
			"trigger_list": [
				{
					"allow_first_person": true,
					"sound_name": "v26",
					"use_pos": true,
					"delay": 3
				},
				{
					"allow_first_person": false,
					"sound_name": "g17",
					"delay": 5
				},
				{
					"allow_first_person": false,
					"sound_name": "g09",
					"use_pos": true,
					"delay": 20
				}
			]
		}
	}
}