{
	"elements" : {
		"102501": {
			"trigger_list": [
				{
					"allow_first_person": true,
					"sound_name": "v32",
					"use_pos": true
				}
			]
		},
		"103218": {
			"trigger_list": [
				{
					"allow_first_person": false,
					"sound_name": "v47",
					"delay": 6
				},
				{
					"allow_first_person": false,
					"dialogue": "play_pln_gen_count_10",
					"delay": 3
				}
			]
		},
		"103319": {
			"trigger_list": [
				{
					"allow_first_person": true,
					"sound_name": "v54",
					"delay": 1.5
				}
			]
		},
		"103321": {
			"trigger_list": [
				{
					"allow_first_person": true,
					"sound_name": "v54",
					"delay": 1.5
				}
			]
		},
		"103355": {
			"trigger_list": [
				{
					"allow_first_person": true,
					"sound_name": "v54",
					"delay": 1.5
				}
			]
		},
		"103356": {
			"trigger_list": [
				{
					"allow_first_person": true,
					"sound_name": "v54",
					"delay": 1.5
				}
			]
		},
		"103616": {
			"trigger_list": [
				{
					"allow_first_person": true,
					"sound_name": "v08"
				}
			]
		},
		"100271": {
			"trigger_list": [
				{
					"allow_first_person": true,
					"sound_name": "p27",
					"radius": 800,
					"use_pos": true
				}
			]
		}
	}
}