{
	"elements" : {
		"101042": {
			"trigger_list": [
				{
					"allow_first_person": true,
					"sound_name": "v04",
					"use_pos": true
				},
				{
					"allow_first_person": true,
					"sound_name": "v15",
					"use_pos": true,
					"delay": 5
				}
			]
		},
		"101764": {
			"trigger_list": [
				{
					"allow_first_person": true,
					"sound_name": "v03",
					"use_pos": true,
					"radius": 500
				},
				{
					"allow_first_person": true,
					"sound_name": "slh_26",
					"use_pos": true,
					"delay": 4
				}
			]
		},
		"101765": {
			"trigger_list": [
				{
					"allow_first_person": true,
					"sound_name": "v04",
					"use_pos": true
				},
				{
					"allow_first_person": true,
					"sound_name": "v15",
					"use_pos": true,
					"delay": 5
				}
			]
		},
		"101781": {
			"trigger_list": [
				{
					"allow_first_person": true,
					"sound_name": "v03",
					"use_pos": true,
					"radius": 500
				},
				{
					"allow_first_person": true,
					"sound_name": "slh_26",
					"use_pos": true,
					"delay": 4
				}
			]
		},
		"101784": {
			"trigger_list": [
				{
					"allow_first_person": true,
					"sound_name": "v03",
					"use_pos": true,
					"radius": 500
				},
				{
					"allow_first_person": true,
					"sound_name": "slh_26",
					"use_pos": true,
					"delay": 4
				}
			]
		},
		"101827": {
			"trigger_list": [
				{
					"allow_first_person": true,
					"sound_name": "v03",
					"use_pos": true,
					"radius": 500
				},
				{
					"allow_first_person": true,
					"sound_name": "slh_26",
					"use_pos": true,
					"delay": 4
				}
			]
		},
		"102501": {
			"trigger_list": [
				{
					"allow_first_person": true,
					"sound_name": "v27",
					"use_pos": true,
					"radius": 650
				}
			]
		},
		"102971": {
			"trigger_list": [
				{
					"allow_first_person": true,
					"sound_name": "g17"
				}
			]
		},
		"103978": {
			"trigger_list": [
				{
					"allow_first_person": true,
					"sound_name": "p37",
					"use_pos": true,
					"radius": 2000
				}
			]
		},
		"103980": {
			"trigger_list": [
				{
					"allow_first_person": true,
					"sound_name": "v27",
					"use_pos": true,
					"radius": 650
				}
			]
		},
		"104036": {
			"trigger_list": [
				{
					"allow_first_person": true,
					"sound_name": "v27",
					"use_pos": true,
					"radius": 650
				}
			]
		},
		"104044": {
			"trigger_list": [
				{
					"allow_first_person": true,
					"sound_name": "v27",
					"use_pos": true,
					"radius": 650
				}
			]
		},
		"104059": {
			"trigger_list": [
				{
					"allow_first_person": true,
					"sound_name": "v27",
					"use_pos": true,
					"radius": 650
				}
			]
		},
		"104060": {
			"trigger_list": [
				{
					"allow_first_person": true,
					"sound_name": "v27",
					"use_pos": true,
					"radius": 650
				}
			]
		},
		"104064": {
			"trigger_list": [
				{
					"allow_first_person": true,
					"sound_name": "v27",
					"use_pos": true,
					"radius": 650
				}
			]
		},
		"104065": {
			"trigger_list": [
				{
					"allow_first_person": true,
					"sound_name": "v27",
					"use_pos": true,
					"radius": 650
				}
			]
		},
		"104067": {
			"trigger_list": [
				{
					"allow_first_person": true,
					"sound_name": "v27",
					"use_pos": true,
					"radius": 650
				}
			]
		},
		"104069": {
			"trigger_list": [
				{
					"allow_first_person": true,
					"sound_name": "v27",
					"use_pos": true,
					"radius": 650
				}
			]
		},
		"104575": {
			"trigger_list": [
				{
					"allow_first_person": true,
					"sound_name": "v04",
					"use_pos": true
				},
				{
					"allow_first_person": true,
					"sound_name": "v15",
					"use_pos": true,
					"delay": 5
				}
			]
		},
		"104578": {
			"trigger_list": [
				{
					"allow_first_person": true,
					"sound_name": "v04",
					"use_pos": true
				},
				{
					"allow_first_person": true,
					"sound_name": "v15",
					"use_pos": true,
					"delay": 5
				}
			]
		},
		"107300": {
			"trigger_list": [
				{
					"allow_first_person": true,
					"sound_name": "v03",
					"use_pos": true,
					"radius": 500
				}
			]
		},
		"107307": {
			"trigger_list": [
				{
					"allow_first_person": true,
					"sound_name": "v03",
					"use_pos": true,
					"radius": 500
				}
			]
		},
		"107313": {
			"trigger_list": [
				{
					"allow_first_person": true,
					"sound_name": "v03",
					"use_pos": true,
					"radius": 500
				}
			]
		},
		"107319": {
			"trigger_list": [
				{
					"allow_first_person": true,
					"sound_name": "v03",
					"use_pos": true,
					"radius": 500
				}
			]
		},
		"103289": {
			"trigger_list": [
				{
					"allow_first_person": false,
					"sound_name": "g50",
					"delay" : 3
				}
			]
		},
		"104618": {
			"trigger_list": [
				{
					"music_must_have_list": [
						"track_pth_09"
					],
					"music_event": "fake_assault",
					"aggressive" : "on"
				},
				{
					"music_event": "control",
					"aggressive" : "on",
					"delay": 30
				},			
				{
					"allow_first_person": true,
					"sound_name": "g29"
				},			
				{
					"allow_first_person": false,
					"sound_name": "g09",
					"delay": 20
				}
			]
		}
	},
	"on_enemy_weapons_hot": {
        "music_event": "fake_assault",
		"aggressive" : "on",
        "music_must_have_list": [
            "track_pth_09"
        ]
    }
}