{
  "elements": {
    "100311": {
      "trigger_list": [
        {
          "allow_first_person": true,
          "sound_name": "v17",
          "use_pos": true,
          "delay": 3.5
        },
        {
          "music_event": "fake_assault",
          "is_not_whisper": true
        }
      ]
    },
    "100466": {
      "trigger_list": [
        {
          "trigger_area": true,
          "shape": "cylinder",
          "instigator": "players",
          "custom_pos": "Vector3(-7514.15, -3181.43, -18.8986)",
          "custom_rot": "Rotation(99.4561, -0, -0)",
          "radius": 2000,
          "height": 85,
          "on_enter": "104855"
        }
      ]
    },
    "101078": {
      "trigger_list": [
        {
          "allow_first_person": true,
          "sound_name": "slh_26",
          "use_pos": true,
          "custom_pos": "Vector3(-1512.17,2214.56,1.09998)"
        }
      ]
    },
    "101238": {
      "trigger_list": [
        {
          "allow_first_person": true,
          "sound_name": "slh_26",
          "use_pos": true,
          "custom_pos": "Vector3(-2221.35,1522.25,1.10006)"
        }
      ]
    },
    "101256": {
      "trigger_list": [
        {
          "allow_first_person": true,
          "sound_name": "fwb_67",
          "use_pos": true
        }
      ]
    },
    "101424": {
      "trigger_list": [
        {
          "allow_first_person": true,
          "sound_name": "p41",
          "use_pos": true,
          "delay": 14,
          "custom_pos": "Vector3(-1561.1,749.317,1.09998)"
        },
        {
          "allow_first_person": false,
          "sound_name": "p34",
          "use_pos": true,
          "delay": 17
        }
      ]
    },
    "101539": {
      "trigger_list": [
        {
          "allow_first_person": true,
          "sound_name": "Play_rb4_sh11_01",
          "use_pos": false,
          "delay": 4
        }
      ]
    },
    "102133": {
      "trigger_list": [
        {
          "allow_first_person": true,
          "sound_name": "p21"
        },
        {
          "music_must_have_list": [
            "track_pth_01"
          ],
          "music_event": "fake_assault",
          "aggressive": "on"
        },
        {
          "music_event": "control",
          "aggressive": "off",
          "delay": 40
        },
        {
          "allow_first_person": true,
          "sound_name": "g62",
          "delay": 5
        },
        {
          "dialogue": "Play_pln_polin_03",
          "delay": 3
        }
      ]
    },
    "102160": {
      "trigger_list": [
        {
          "allow_first_person": true,
          "sound_name": "v17",
          "use_pos": true,
          "delay": 3.5,
          "is_not_whisper": true
        },
        {
          "music_event": "fake_assault",
          "is_not_whisper": true
        }
      ]
    },
    "102162": {
      "trigger_list": [
        {
          "allow_first_person": true,
          "sound_name": "v26",
          "use_pos": true,
          "custom_pos": "Vector3(-1000, -2800, 100)"
        }
      ]
    },
    "102327": {
      "trigger_list": [
        {
          "id_to_insert": 104638,
          "pos_insert": "Vector3(2053.3,3639.11,1.09993)",
          "pos_insert_question": true,
          "trigger_list_index": 0
        },
        {
          "trigger_area": true,
          "shape": "cylinder",
          "instigator": "players",
          "custom_pos": "Vector3(-998.756, -1483.75, 9.31313)",
          "custom_rot": "Rotation(-52.2043, 0, -0)",
          "radius": 2000,
          "height": 85,
          "on_enter": "102162"
        }
      ]
    },
    "102331": {
      "trigger_list": [
        {
          "id_to_insert": 104638,
          "pos_insert": "Vector3(-923.936, -2150.83,1.09988)",
          "pos_insert_question": true,
          "trigger_list_index": 0
        },
        {
          "trigger_area": true,
          "shape": "cylinder",
          "instigator": "players",
          "custom_pos": "Vector3(-1000, -2800, 100)",
          "custom_rot": "Rotation(-45.97, 0, -0)",
          "radius": 2000,
          "height": 85,
          "on_enter": "102162"
        }
      ]
    },
    "102716": {
      "trigger_list": [
        {
          "allow_first_person": false,
          "sound_name": "v36",
          "delay": 2
        },
        {
          "dialogue": "Play_pln_sbh_01",
          "delay": 1
        },
        {
          "allow_first_person": true,
          "sound_name": "v16",
          "use_pos": true,
          "delay": 4
        }
      ]
    },
    "102717": {
      "trigger_list": [
        {
          "allow_first_person": false,
          "sound_name": "v36",
          "delay": 2
        },
        {
          "dialogue": "Play_pln_sbh_01",
          "delay": 1
        },
        {
          "allow_first_person": true,
          "sound_name": "v16",
          "use_pos": true,
          "delay": 4
        }
      ]
    },
    "103287": {
      "trigger_list": [
        {
          "allow_first_person": true,
          "sound_name": "p27",
          "use_pos": true,
          "radius": 800
        }
      ]
    },
    "103288": {
      "trigger_list": [
        {
          "allow_first_person": true,
          "sound_name": "p27",
          "use_pos": true,
          "radius": 800
        }
      ]
    },
    "103292": {
      "trigger_list": [
        {
          "allow_first_person": true,
          "sound_name": "p27",
          "use_pos": true,
          "radius": 800
        }
      ]
    },
    "103779": {
      "trigger_list": [
        {
          "allow_first_person": true,
          "sound_name": "p37",
          "use_pos": true,
          "radius": 800
        }
      ]
    },
    "103799": {
      "trigger_list": [
        {
          "allow_first_person": true,
          "sound_name": "v27",
          "use_pos": true,
          "radius": 650
        }
      ]
    },
    "103801": {
      "trigger_list": [
        {
          "allow_first_person": true,
          "sound_name": "v27",
          "use_pos": true,
          "radius": 650
        }
      ]
    },
    "103838": {
      "trigger_list": [
        {
          "allow_first_person": true,
          "sound_name": "v27",
          "use_pos": true,
          "radius": 650
        }
      ]
    },
    "103839": {
      "trigger_list": [
        {
          "allow_first_person": true,
          "sound_name": "p37",
          "use_pos": true,
          "radius": 800
        }
      ]
    },
    "103894": {
      "trigger_list": [
        {
          "allow_first_person": true,
          "sound_name": "p37",
          "use_pos": true,
          "radius": 800
        }
      ]
    },
    "103901": {
      "trigger_list": [
        {
          "allow_first_person": true,
          "sound_name": "p37",
          "use_pos": true,
          "radius": 800
        }
      ]
    },
    "104639": {
      "trigger_list": [
        {
          "allow_first_person": true,
          "sound_name": "slh_37",
          "grabbed_loot_times": 2,
          "custom_pos": "Vector3( 2769.61, 326.392, -734.593)",
          "use_pos": true,
          "type": "bank_gold"
        }
      ]
    },
    "104640": {
      "trigger_list": [
        {
          "allow_first_person": true,
          "sound_name": "v47",
          "grabbed_loot_times": 4,
          "custom_pos": "Vector3( 2769.61, 326.392, -734.593)",
          "use_pos": true,
          "non_repeater": true,
          "type": "bank_money_question"
        },
        {
          "allow_first_person": true,
          "sound_name": "v48",
          "grabbed_loot_times": 6,
          "non_repeater": true,
          "custom_pos": "Vector3(2769.61,326.392,-734.593)",
          "use_pos": true,
          "type": "bank_money_grab_all"
        }
      ]
    },
    "104852": {
      "trigger_list": [
        {
          "allow_first_person": true,
          "sound_name": "p30",
          "use_pos": true
        }
      ]
    },
    "104855": {
      "trigger_list": [
        {
          "allow_first_person": true,
          "sound_name": "v26",
          "use_pos": true
        }
      ]
    },
    "104862": {
      "trigger_list": [
        {
          "allow_first_person": true,
          "sound_name": "p30",
          "use_pos": true
        }
      ]
    },
    "105094": {
      "trigger_list": [
        {
          "allow_first_person": false,
          "sound_name": "f44x_any",
          "delay": 3
        },
        {
          "allow_first_person": true,
          "sound_name": "g29",
          "delay": 5.75,
          "no_pos": true
        }
      ]
    },
    "105215": {
      "trigger_list": [
        {
          "allow_first_person": false,
          "sound_name": "f44x_any",
          "delay": 3
        },
        {
          "allow_first_person": true,
          "sound_name": "g29",
          "delay": 5.75
        }
      ]
    },
    "105373": {
      "trigger_list": [
        {
          "music_must_have_list": [
            "track_pth_01"
          ],
          "music_event": "fake_assault",
          "aggressive": "on"
        },
        {
          "music_event": "control",
          "aggressive": "off",
          "delay": 2.956
        },
        {
          "allow_first_person": false,
          "sound_name": "g70",
          "delay": 1
        },
        {
          "allow_first_person": true,
          "sound_name": "v18",
          "delay": 5
        }
      ]
    },
    "105378": {
      "trigger_list": [
        {
          "allow_first_person": false,
          "sound_name": "t01x_sin",
          "delay": 180
        }
      ]
    }
  },
  "on_enemy_weapons_hot": {
    "music_event": "fake_assault",
    "aggressive": "on",
    "music_must_have_list": [
      "track_pth_01"
    ]
  }
}