{
  "elements": {
    "101871": {
      "trigger_list": [
        {
          "music_must_have_list": [
            "track_47_flat",
            "track_47_gen",
            "track_pth_06"
          ],
          "music_event": "fake_assault",
          "aggressive": "on"
        },
        {
          "music_must_have_list": [
            "track_47_flat",
            "track_47_gen",
            "track_pth_06"
          ],
          "music_event": "control",
          "aggressive": "off",
          "delay": 30
        }
      ]
    }
  },
  "on_enemy_weapons_hot": {
    "music_event": "fake_assault",
    "aggressive": "on",
    "music_must_have_list": [
      "track_47_flat",
      "track_47_gen",
      "track_pth_06"
    ]
  }
}