{
	"elements" : {
		"103495": {
			"trigger_list": [
				{
					"allow_first_person": true,
					"sound_name": "p27",
					"use_pos": true,
					"radius": 500
				}
			]
		},
		"103496": {
			"trigger_list": [
				{
					"allow_first_person": true,
					"sound_name": "p27",
					"use_pos": true,
					"radius": 500
				}
			]
		},
		"103561": {
			"trigger_list": [
				{
					"allow_first_person": true,
					"sound_name": "v27",
					"use_pos": true,
					"radius": 650
				}
			]
		},
		"103562": {
			"trigger_list": [
				{
					"allow_first_person": true,
					"sound_name": "v27",
					"use_pos": true,
					"radius": 650
				}
			]
		},
		"103563": {
			"trigger_list": [
				{
					"allow_first_person": true,
					"sound_name": "v27",
					"use_pos": true,
					"radius": 650
				}
			]
		},
		"103564": {
			"trigger_list": [
				{
					"allow_first_person": true,
					"sound_name": "v27",
					"use_pos": true,
					"radius": 650
				}
			]
		}
	}
}