{
	"elements" : {
		"100429": {
			"trigger_list": [
				{
					"allow_first_person": true,
					"sound_name": "p38",
					"delay": 2
				},
				{
					"allow_first_person": false,
					"sound_name": "v54",
					"delay": 5
				}
			]
		},
		"100436": {
			"trigger_list": [
				{
					"allow_first_person": true,
					"sound_name": "v13",
					"delay": 10
				}
			]
		},
		"100575": {
			"trigger_list": [
				{
					"music_must_have_list": [
						"track_pth_09"
					],
					"music_event": "fake_assault",
					"aggressive" : "on"
				},
				{
					"music_must_have_list": [
						"track_pth_09"
					],
					"music_event": "control",
					"aggressive" : "off",
					"delay": 30
				}
			]
		},
		"100651": {
			"trigger_list": [
				{
					"allow_first_person": true,
					"sound_name": "g29",
					"delay": 1.5
				},
				{
					"allow_first_person": false,
					"sound_name": "v36",
					"delay": 2.75
				}
			]
		},
		"101626": {
			"trigger_list": [
				{
					"allow_first_person": true,
					"sound_name": "v13",
					"delay": 10
				}
			]
		},
		"101647": {
			"trigger_list": [
				{
					"allow_first_person": true,
					"sound_name": "v13",
					"delay": 10
				}
			]
		},
		"101692": {
			"trigger_list": [
				{
					"allow_first_person": true,
					"sound_name": "p38",
					"delay": 2
				},
				{
					"allow_first_person": false,
					"sound_name": "v54",
					"delay": 5
				}
			]
		},
		"101951": {
			"trigger_list": [
				{
					"allow_first_person": true,
					"sound_name": "p41",
					"delay": 1.5
				},
				{
					"allow_first_person": false,
					"sound_name": "p34",
					"delay": 2.75
				}
			]
		},
		"101960": {
			"trigger_list": [
				{
					"allow_first_person": true,
					"sound_name": "p41",
					"delay": 1.5
				},
				{
					"allow_first_person": false,
					"sound_name": "p34",
					"delay": 2.75
				}
			]
		},
		"102063": {
			"trigger_list": [
				{
					"allow_first_person": true,
					"sound_name": "p38",
					"delay": 2
				},
				{
					"allow_first_person": false,
					"sound_name": "v54",
					"delay": 5
				}
			]
		},
		"102442": {
			"trigger_list": [
				{
					"allow_first_person": true,
					"sound_name": "p38",
					"delay": 2
				},
				{
					"allow_first_person": false,
					"sound_name": "v54",
					"delay": 5
				}
			]
		},
		"102446": {
			"trigger_list": [
				{
					"allow_first_person": true,
					"sound_name": "p38",
					"delay": 2
				},
				{
					"allow_first_person": false,
					"sound_name": "v54",
					"delay": 5
				}
			]
		},
		"102450": {
			"trigger_list": [
				{
					"allow_first_person": true,
					"sound_name": "p38",
					"delay": 2
				},
				{
					"allow_first_person": false,
					"sound_name": "v54",
					"delay": 5
				}
			]
		},
		"103041": {
			"trigger_list": [
				{
					"allow_first_person": true,
					"sound_name": "p41",
					"delay": 1.5
				},
				{
					"allow_first_person": false,
					"sound_name": "p34",
					"delay": 2.75
				}
			]
		},
		"103452": {
			"trigger_list": [
				{
					"music_must_have_list": [
						"track_pth_09"
					],
					"music_event": "fake_assault",
					"aggressive" : "on"
				},
				{
					"music_must_have_list": [
						"track_pth_09"
					],
					"music_event": "control",
					"aggressive" : "off",
					"delay": 30
				}
			]
		}
	},
    "on_enemy_weapons_hot": {
        "music_event": "fake_assault",
		"aggressive" : "on",
        "music_must_have_list": [
            "track_pth_09"
        ]
    }
}