{
  "elements": {
    "101812": {
      "trigger_list": [
        {
          "allow_first_person": true,
          "sound_name": "g29",
          "delay": 2
        },
        {
          "allow_first_person": false,
          "sound_name": "v36",
          "delay": 5
        },
        {
          "allow_first_person": true,
          "sound_name": "g17",
          "delay": 8
        },
        {
          "allow_first_person": false,
          "sound_name": "g68",
          "delay": 30
        }
      ]
    },
    "102041": {
      "trigger_list": [
        {
          "allow_first_person": true,
          "sound_name": "p27",
          "radius": 750,
          "custom_pos": "Vector3(8369.27, 1310.3, 39.9601)",
          "use_pos": true
        }
      ]
    },
    "103709": {
      "trigger_list": [
        {
          "allow_first_person": true,
          "sound_name": "v30",
          "use_pos": true,
          "delay": 1.75
        }
      ]
    }
  }
}