{
  "elements": {
    "100795": {
      "trigger_list": [
        {
          "music_must_have_list": [
            "track_pth_09"
          ],
          "music_event": "fake_assault",
          "aggressive": "on"
        },
        {
          "music_event": "control",
          "aggressive": "off",
          "delay": 30
        }
      ]
    },
    "100945": {
      "trigger_list": [
        {
          "allow_first_person": true,
          "sound_name": "g17",
          "delay": 3
        }
      ]
    },
    "102423": {
      "trigger_list": [
        {
          "allow_first_person": true,
          "sound_name": "p41",
          "use_pos": true
        }
      ]
    },
    "104774": {
      "trigger_list": [
        {
          "allow_first_person": true,
          "sound_name": "v27",
          "use_pos": true,
          "radius": 650
        }
      ]
    },
    "104897": {
      "trigger_list": [
        {
          "allow_first_person": true,
          "sound_name": "v27",
          "use_pos": true,
          "radius": 650
        }
      ]
    },
    "105063": {
      "trigger_list": [
        {
          "allow_first_person": true,
          "sound_name": "v27",
          "use_pos": true,
          "radius": 650
        }
      ]
    },
    "105068": {
      "trigger_list": [
        {
          "allow_first_person": true,
          "sound_name": "v27",
          "use_pos": true,
          "radius": 650
        }
      ]
    }
  },
  "on_enemy_weapons_hot": {
    "music_event": "fake_assault",
    "aggressive": "on",
    "music_must_have_list": [
      "track_pth_09"
    ]
  }
}