{
  "elements": {
    "100055": {
      "trigger_list": [
        {
          "music_event": "fake_assault",
          "aggressive": "on",
          "music_must_have_list": [
            "track_pth_09"
          ]
        },
        {
          "dialogue": "play_pln_ukranian_stage1_25",
          "delay": 7
        },
        {
          "sound_name": "g29",
          "use_pos": false,
          "delay": 3
        }
      ]
    },
    "100373": {
      "trigger_list": [
        {
          "allow_first_person": true,
          "sound_name": "p27",
          "use_pos": true,
          "radius": 800
        }
      ]
    }
  }
}