{
  "elements": {
    "132652": {
      "trigger_list": [
        {
          "allow_first_person": true,
          "sound_name": "g29",
          "delay": 3
        }
      ]
    },
    "132659": {
      "trigger_list": [
        {
          "allow_first_person": true,
          "sound_name": "v25"
        }
      ]
    },
    "136186": {
      "trigger_list": [
        {
          "allow_first_person": true,
          "sound_name": "g29"
        }
      ]
    },
    "136336": {
      "trigger_list": [
        {
          "allow_first_person": true,
          "sound_name": "g29"
        }
      ]
    },
    "136486": {
      "trigger_list": [
        {
          "allow_first_person": true,
          "sound_name": "g29"
        }
      ]
    },
    "136636": {
      "trigger_list": [
        {
          "allow_first_person": true,
          "sound_name": "g29"
        }
      ]
    }
  }
}