{
  "elements": {
    "100004": {
      "trigger_list": [
        {
          "allow_first_person": false,
          "sound_name": "v14",
          "use_pos": true,
          "delay": 1.75
        }
      ]
    },
    "100550": {
      "trigger_list": [
        {
          "allow_first_person": true,
          "sound_name": "v43",
          "use_pos": false,
          "delay": 6
        }
      ]
    },
    "100823": {
      "trigger_list": [
        {
          "allow_first_person": true,
          "sound_name": "v08",
          "use_pos": true,
          "custom_pos": "Vector3(12250,4075, -2750)"
        }
      ]
    },
    "100940": {
      "trigger_list": [
        {
          "allow_first_person": false,
          "sound_name": "v44",
          "use_pos": false,
          "delay": 5
        }
      ]
    }
  }
}