{
	"elements" : {
		"100136": {
			"trigger_list": [
				{
					"music_event": "fake_assault",
					"aggressive" : "on",
					"music_must_have_list": [
						"track_pth_01"
					]
				},
				{
					"music_event": "control",
					"aggressive" : "off",
					"music_must_have_list": [
						"track_pth_01"
					],
					"delay": 40
				},
				{
					"allow_first_person": false,
					"sound_name": "v36",
					"delay": 6
				}
			]
		},
		"100452": {
			"trigger_list": [
				{
					"allow_first_person": true,
					"sound_name": "p27",
					"use_pos": true,
					"radius": 500
				}
			]
		},
		"101155": {
			"trigger_list": [
				{
					"id_to_insert": 100452,
					"pos_insert": "Vector3(1401.12,3047.95,26.1)",
					"pos_insert_question": true,
					"trigger_list_index": 1
				}
			]
		},
		"102589": {
			"trigger_list": [
				{
					"allow_first_person": true,
					"sound_name": "v27",
					"use_pos": true,
					"radius": 650
				}
			]
		},
		"102593": {
			"trigger_list": [
				{
					"allow_first_person": true,
					"sound_name": "fwb_60",
					"use_pos": true,
					"delay": 10
				}
			]
		},
		"102616": {
			"trigger_list": [
				{
					"allow_first_person": true,
					"sound_name": "v27",
					"use_pos": true,
					"radius": 650
				}
			]
		},
		"102617": {
			"trigger_list": [
				{
					"allow_first_person": true,
					"sound_name": "v27",
					"use_pos": true,
					"radius": 650
				}
			]
		},
		"102618": {
			"trigger_list": [
				{
					"allow_first_person": true,
					"sound_name": "v27",
					"use_pos": true,
					"radius": 650
				}
			]
		},
		"102622": {
			"trigger_list": [
				{
					"allow_first_person": true,
					"sound_name": "p37",
					"use_pos": true,
					"radius": 2000
				}
			]
		},
		"102623": {
			"trigger_list": [
				{
					"allow_first_person": true,
					"sound_name": "p37",
					"use_pos": true,
					"radius": 2000
				}
			]
		},
		"102624": {
			"trigger_list": [
				{
					"allow_first_person": true,
					"sound_name": "p37",
					"use_pos": true,
					"radius": 2000
				}
			]
		},
		"102630": {
			"trigger_list": [
				{
					"music_event": "fake_assault",
					"aggressive" : "on",
					"music_must_have_list": [
						"track_pth_01"
					]
				},
				{
					"music_event": "control",
					"aggressive" : "off",
					"music_must_have_list": [
						"track_pth_01"
					],
					"delay": 2.956
				}
			]
		},
		"102634": {
			"trigger_list": [
				{
					"allow_first_person" : true,
					"sound_name": "Play_rb4_sh21_05",
					"delay": 5
				}
			]
		},
		"102635": {
			"trigger_list": [
				{
					"allow_first_person" : true,
					"sound_name": "Play_rb4_sh12_15",
					"radius": 650
				}
			]
		},
		"103216": {
			"trigger_list": [
				{
					"id_to_insert": 100452,
					"pos_insert": "Vector3(1450.99, 5297.1, 27.2465)",
					"pos_insert_question": true,
					"trigger_list_index": 1
				}
			]
		},
		"103217": {
			"trigger_list": [
				{
					"id_to_insert": 100452,
					"pos_insert": "Vector3( -3143.96, 1773.61, 6.28767)",
					"pos_insert_question": true,
					"trigger_list_index": 1
				}
			]
		},
		"103218": {
			"trigger_list": [
				{
					"id_to_insert": 100452,
					"pos_insert": "Vector3(2681.6,2226.88,13.0999)",
					"pos_insert_question": true,
					"trigger_list_index": 1
				}
			]
		},
		"103219": {
			"trigger_list": [
				{
					"id_to_insert": 100452,
					"pos_insert": "Vector3(-2357.58,3835.27,6.10083)",
					"pos_insert_question": true,
					"trigger_list_index": 1
				}
			]
		}
	},
    "on_enemy_weapons_hot": {
        "music_event": "fake_assault",
		"aggressive" : "on",
        "music_must_have_list": [
            "track_pth_01"
        ]
    }
}