{
  "elements": {
    "102550": {
      "trigger_list": [
        {
          "music_must_have_list": [
            "track_pth_05",
            "track_43"
          ],
          "music_on_loud": "fake_assault"
        }
      ]
    },
    "103025": {
      "trigger_list": [
        {
          "music_must_have_list": [
            "track_pth_05",
            "track_43"
          ],
          "music_event": "fake_assault",
          "aggressive": "on"
        }
      ]
    }
  },
  "on_enemy_weapons_hot": {
    "music_event": "fake_assault",
    "aggressive": "on",
    "music_must_have_list": [
      "track_pth_05",
      "track_43"
    ]
  }
}