{
  "elements": {
    "100132": {
      "trigger_list": [
        {
          "allow_first_person": true,
          "sound_name": "v03",
          "use_pos": true
        }
      ]
    },
    "100931": {
      "trigger_list": [
        {
          "allow_first_person": true,
          "sound_name": "v03",
          "use_pos": true
        }
      ]
    },
    "101110": {
      "trigger_list": [
        {
          "allow_first_person": true,
          "sound_name": "v03",
          "use_pos": true
        }
      ]
    },
    "101118": {
      "trigger_list": [
        {
          "allow_first_person": true,
          "sound_name": "v03",
          "use_pos": true
        }
      ]
    },
    "101411": {
      "trigger_list": [
        {
          "allow_first_person": true,
          "sound_name": "v03",
          "use_pos": true
        }
      ]
    },
    "101412": {
      "trigger_list": [
        {
          "allow_first_person": true,
          "sound_name": "v03",
          "use_pos": true
        }
      ]
    },
    "103153": {
      "trigger_list": [
        {
          "allow_first_person": true,
          "sound_name": "v03",
          "use_pos": true
        }
      ]
    },
    "103154": {
      "trigger_list": [
        {
          "allow_first_person": true,
          "sound_name": "v03",
          "use_pos": true
        }
      ]
    },
    "103155": {
      "trigger_list": [
        {
          "allow_first_person": true,
          "sound_name": "v03",
          "use_pos": true
        }
      ]
    },
    "103156": {
      "trigger_list": [
        {
          "allow_first_person": true,
          "sound_name": "v03",
          "use_pos": true
        }
      ]
    },
    "103157": {
      "trigger_list": [
        {
          "allow_first_person": true,
          "sound_name": "v03",
          "use_pos": true
        }
      ]
    },
    "103311": {
      "trigger_list": [
        {
          "allow_first_person": true,
          "sound_name": "v03",
          "use_pos": true
        }
      ]
    },
    "103312": {
      "trigger_list": [
        {
          "allow_first_person": true,
          "sound_name": "v03",
          "use_pos": true
        }
      ]
    },
    "103336": {
      "trigger_list": [
        {
          "allow_first_person": true,
          "sound_name": "v03",
          "use_pos": true
        }
      ]
    }
  }
}