{
	"elements" : {
		"100311": {
			"trigger_list": [
				{
					"allow_first_person": true,
					"sound_name": "v56",
					"use_pos": true,
					"custom_pos" : "Vector3(1651.08, -4022.67, 28.8077)",
					"delay": 1
				}
			]
		},
		"103618": {
			"trigger_list": [
				{
					"trigger_area" : true,
					"shape" : "cylinder",
					"instigator" : "players",
					"custom_pos" : "Vector3(1624.11, -4294.23, -23.8999)",
					"custom_rot" : "Rotation(180, 0, -0)",
					"radius" : 2000,
					"height" : 85,
					"on_enter" : "100311"
				}
			]
		}
	}
}