{
  "elements": {
    "101144": {
      "trigger_list": [
        {
          "allow_first_person": true,
          "sound_name": "g60",
          "delay": 7
        },
        {
          "allow_first_person": false,
          "sound_name": "v36",
          "delay": 10
        },
        {
          "allow_first_person": true,
          "sound_name": "v35",
          "delay": 14
        }
      ]
    },
    "101386": {
      "trigger_list": [
        {
          "allow_first_person": true,
          "sound_name": "v51",
          "delay": 5
        }
      ]
    },
    "101697": {
      "trigger_list": [
        {
          "allow_first_person": true,
          "sound_name": "v51",
          "delay": 5
        }
      ]
    },
    "101698": {
      "trigger_list": [
        {
          "allow_first_person": true,
          "sound_name": "v51",
          "delay": 5
        }
      ]
    },
    "101699": {
      "trigger_list": [
        {
          "allow_first_person": true,
          "sound_name": "v51",
          "delay": 5
        }
      ]
    }
  }
}